osm_type,osm_id,lat,lon,name,sport,surface,lit,access,fee,operator,courts,leisure,indoor,covered,building,website,phone,opening_hours,addr_housenumber,addr_street,addr_city,extracted_at
way,1512103147,34.1000869,-118.1673546,,tennis,,,private,,,,pitch,,,,,,,,,,2026-10-09T19:01:36+00:00
node,13703770572,34.1167891,-118.1244083,,pickleball,,,private,,,,pitch,,,,,,,,,,2026-10-09T19:01:36+00:00
node,13703789705,34.1311658,-118.1091089,,pickleball,,,private,,,,pitch,,,,,,,,,,2026-10-09T19:01:36+00:00
node,13703789745,34.1305933,-118.1206343,,pickleball,,,private,,,,pitch,,,,,,,,,,2026-10-09T19:01:36+00:00
node,13703789860,34.1156041,-118.1185945,,pickleball,,,private,,,,pitch,,,,,,,,,,2026-10-09T19:01:36+00:00
node,13703789899,34.1154706,-118.1086647,,pickleball,,,private,,,,pitch,,,,,,,,,,2026-10-09T19:01:36+00:00
node,13706546542,34.116013,-118.1060663,,pickleball,,,private,,,,pitch,,,,,,,,,,2026-10-09T19:01:36+00:00
node,13706756057,34.1348839,-118.1404367,,pickleball,,,private,,,,pitch,,,,,,,,,,2026-10-09T19:01:36+00:00
node,13711596145,34.1394321,-118.0911781,,pickleball,,,private,,,,pitch,,,,,,,,,,2026-10-09T19:01:36+00:00
node,13711635722,34.1414949,-118.09539,,pickleball,,,private,,,,pitch,,,,,,,,,,2026-10-09T19:01:36+00:00
node,13713024301,34.1101899,-118.1130786,,pickleball,,,private,,,,pitch,,,,,,,,,,2026-10-09T19:01:36+00:00
node,13715103683,34.1107787,-118.1385917,,pickleball,,,private,,,,pitch,,,,,,,,,,2026-10-09T19:01:36+00:00
node,13716758500,34.1007396,-118.1592462,,pickleball,,,private,,,,pitch,,,,,,,,,,2026-10-09T19:01:36+00:00
node,13716758512,34.101897,-118.1586611,,pickleball,,,private,,,,pitch,,,,,,,,,,2026-10-09T19:01:36+00:00
node,13718814342,34.1224057,-118.138667,,pickleball,,,private,,,,pitch,,,,,,,,,,2026-10-09T19:01:36+00:00
node,13720105244,34.1353573,-118.1124334,,pickleball,,,private,,,,pitch,,,,,,,,,,2026-10-09T19:01:36+00:00
node,13720109876,34.1330568,-118.1227126,,pickleball,,,private,,,,pitch,,,,,,,,,,2026-10-09T19:01:36+00:00
node,13729098988,34.1173817,-118.0532795,,pickleball,,,private,,,,pitch,,,,,,,,,,2026-10-09T19:01:36+00:00
node,13729098990,34.1169583,-118.0529881,,pickleball,,,private,,,,pitch,,,,,,,,,,2026-10-09T19:01:36+00:00
node,13738541048,34.1164461,-118.0794804,,tetherball,asphalt,,,,,,pitch,,,,,,,,,,2026-10-09T19:01:36+00:00
node,13738541049,34.1164316,-118.0795431,,tetherball,asphalt,,,,,,pitch,,,,,,,,,,2026-10-09T19:01:36+00:00
node,13738541050,34.1164215,-118.0796081,,tetherball,asphalt,,,,,,pitch,,,,,,,,,,2026-10-09T19:01:36+00:00
node,13741845616,34.1370228,-118.0851154,,pickleball,,,private,,,,pitch,,,,,,,,,,2026-10-09T19:01:36+00:00
node,13741883342,34.1550899,-118.0719574,,pickleball,,,private,,,,pitch,,,,,,,,,,2026-10-09T19:01:36+00:00
node,13741883530,34.157496,-118.0682185,,pickleball,,,private,,,,pitch,,,,,,,,,,2026-10-09T19:01:36+00:00
node,13741883590,34.156208,-118.0590337,,pickleball,,,private,,,,pitch,,,,,,,,,,2026-10-09T19:01:36+00:00
node,13741883607,34.1548651,-118.0685689,,pickleball,,,private,,,,pitch,,,,,,,,,,2026-10-09T19:01:36+00:00
node,13747986790,34.1372228,-118.0630719,,tetherball,asphalt,,,,,,pitch,,,,,,,,,,2026-10-09T19:01:36+00:00
node,13747986791,34.1372421,-118.063,,tetherball,asphalt,,,,,,pitch,,,,,,,,,,2026-10-09T19:01:36+00:00
node,13749137206,34.1151877,-118.0881564,,pickleball,,,private,,,,pitch,,,,,,,,,,2026-10-09T19:01:36+00:00
node,13749137207,34.1114254,-118.0874721,,pickleball,,,private,,,,pitch,,,,,,,,,,2026-10-09T19:01:36+00:00
node,13781396038,34.1546014,-118.0556093,,pickleball,,,private,,,,pitch,,,,,,,,,,2026-10-09T19:01:36+00:00
node,13781396088,34.1587414,-118.0584261,,pickleball,,,private,,,,pitch,,,,,,,,,,2026-10-09T19:01:36+00:00
node,13782763436,34.1730259,-118.1484848,,tetherball,asphalt,,,,,,pitch,,,,,,,,,,2026-10-09T19:01:36+00:00
node,13782763437,34.1730301,-118.1485785,,tetherball,asphalt,,,,,,pitch,,,,,,,,,,2026-10-09T19:01:36+00:00
node,13782763438,34.1730225,-118.1487124,,tetherball,asphalt,,,,,,pitch,,,,,,,,,,2026-10-09T19:01:36+00:00
node,13782763439,34.1730215,-118.148806,,tetherball,asphalt,,,,,,pitch,,,,,,,,,,2026-10-09T19:01:36+00:00
node,13800582790,34.1813741,-118.1067676,,pickleball,,,private,,,,pitch,,,,,,,,,,2026-10-09T19:01:36+00:00
node,13809106751,34.1724781,-118.0674089,,pickleball,,,private,,,,pitch,,,,,,,,,,2026-10-09T19:01:36+00:00
node,13811331462,34.1025338,-118.1450562,,pickleball,,,private,,,,pitch,,,,,,,,,,2026-10-09T19:01:36+00:00
node,13812866637,34.1222631,-118.1544902,,pickleball,,,private,,,,pitch,,,,,,,,,,2026-10-09T19:01:36+00:00
node,13826757910,34.1480544,-118.0652883,,pickleball,,,private,,,,pitch,,,,,,,,,,2026-10-09T19:01:36+00:00
node,13923773048,34.1427643,-118.1627737,,pickleball,,,,,,,pitch,,,,,,,,,,2026-10-09T19:01:36+00:00
node,13938857329,34.116655,-118.1689875,iTennis South Pasadena,tennis,,,,no,,,sports_centre,,,,,+1 323-258-4178,07:00-22:30,920,Lohman Lane,South Pasadena,2026-10-09T19:01:36+00:00
node,13999349188,34.134884,-118.1646263,,pickleball,,,private,,,,pitch,,,,,,,,,,2026-10-09T19:01:36+00:00
node,14004786037,34.1371651,-118.157686,,pickleball,,,,,,,pitch,,,,,,,,,,2026-10-09T19:01:36+00:00
node,14004786038,34.1371644,-118.1575956,,pickleball,,,,,,,pitch,,,,,,,,,,2026-10-09T19:01:36+00:00
node,14004786039,34.1370026,-118.1576,,pickleball,,,,,,,pitch,,,,,,,,,,2026-10-09T19:01:36+00:00
node,14004786040,34.1370043,-118.157681,,pickleball,,,,,,,pitch,,,,,,,,,,2026-10-09T19:01:36+00:00
way,30794529,34.1350735,-118.1254677,,tennis,,,,,,,sports_centre,,,,,,,,,,2026-10-09T19:01:36+00:00
way,30794570,34.1440055,-118.1209712,,tennis,,,,,,,sports_centre,,,,,,,,,,2026-10-09T19:01:36+00:00
way,40293342,34.1149831,-118.1600423,,tennis,,,,,,,sports_centre,,,,,,,,,,2026-10-09T19:01:36+00:00
way,41599406,34.1180994,-118.1462887,Tennis Courts,tennis,,,,,,,sports_centre,,,,,,,,,,2026-10-09T19:01:36+00:00
way,47245533,34.1375342,-118.1217286,,tennis;pickleball,,,,,,,sports_centre,,,,,,,,,,2026-10-09T19:01:36+00:00
way,164279633,34.18542,-118.1209056,Country Club Tennis Courts,tennis,,,,,,,pitch,,,,,,,,,,2026-10-09T19:01:36+00:00
way,172885935,34.1613566,-118.1987566,,tennis,,,,,,,pitch,,,,,,,,,,2026-10-09T19:01:36+00:00
way,174556352,34.1053685,-118.1858707,,tennis,,,,,,,pitch,,,,,,,,,,2026-10-09T19:01:36+00:00
way,174556353,34.1047299,-118.1879051,,tennis,,,,,,,pitch,,,,,,,,,,2026-10-09T19:01:36+00:00
way,192856966,34.1423592,-118.1248779,iTennis Pasadena,tennis,,,,no,,2,sports_centre,,,,https://pasadena.i-tennis.com/,+1 626-226-8791,,232,South Michigan Avenue,Pasadena,2026-10-09T19:01:36+00:00
way,193124668,34.1423588,-118.1249782,,tennis,,,,,,,pitch,,,,,,,,,,2026-10-09T19:01:36+00:00
way,193124670,34.1423597,-118.1247785,,tennis,,,,,,,pitch,,,,,,,,,,2026-10-09T19:01:36+00:00
way,203052385,34.1209418,-118.1241668,San Marino Tennis Club,tennis,,,,,,,sports_centre,,,,https://sanmarinotennis.org/,+1 626-479-9103,,1196,Saint Albans Road,San Marino,2026-10-09T19:01:36+00:00
way,203052598,34.1209377,-118.1243513,,tennis,,,,,,,pitch,,,,,,,,,,2026-10-09T19:01:36+00:00
way,203052599,34.1209321,-118.1245477,,tennis,,,,,,,pitch,,,,,,,,,,2026-10-09T19:01:36+00:00
way,203052600,34.120959,-118.1236037,,tennis,,,,,,,pitch,,,,,,,,,,2026-10-09T19:01:36+00:00
way,203052601,34.1209518,-118.1238017,,tennis,,,,,,,pitch,,,,,,,,,,2026-10-09T19:01:36+00:00
way,203052602,34.1209463,-118.1239997,,tennis,,,,,,,pitch,,,,,,,,,,2026-10-09T19:01:36+00:00
way,203052603,34.1209257,-118.1247422,,tennis,,,,,,,pitch,,,,,,,,,,2026-10-09T19:01:36+00:00
way,215991328,34.1443412,-118.120874,,tennis,,,,,,,pitch,,,,,,,,,,2026-10-09T19:01:36+00:00
way,234948768,34.1606653,-118.1556141,,tennis,,,,,,,pitch,,,,,,,,,,2026-10-09T19:01:36+00:00
way,258033896,34.1173087,-118.198982,,tennis,,,,,,,pitch,,,,,,,,,,2026-10-09T19:01:36+00:00
way,258033897,34.1173118,-118.198823,,tennis,,,,,,,pitch,,,,,,,,,,2026-10-09T19:01:36+00:00
way,258033898,34.1173147,-118.1986657,,tennis,,,,,,,pitch,,,,,,,,,,2026-10-09T19:01:36+00:00
way,258033899,34.1173144,-118.1985152,,tennis,,,,,,,pitch,,,,,,,,,,2026-10-09T19:01:36+00:00
way,264994886,34.1588532,-118.1771562,,tennis,,,,,,,pitch,,,,,,,,,,2026-10-09T19:01:36+00:00
way,341352768,34.1008463,-118.0790484,,tennis,,yes,,,,,pitch,,,,,,,,,,2026-10-09T19:01:36+00:00
way,341352769,34.1008456,-118.079251,,tennis,,yes,,,,,pitch,,,,,,,,,,2026-10-09T19:01:36+00:00
way,341352770,34.100844,-118.0794517,,tennis,,yes,,,,,pitch,,,,,,,,,,2026-10-09T19:01:36+00:00
way,341352771,34.1011766,-118.0794451,,tennis,,yes,,,,,pitch,,,,,,,,,,2026-10-09T19:01:36+00:00
way,341352772,34.101506,-118.0794451,,tennis,,yes,,,,,pitch,,,,,,,,,,2026-10-09T19:01:36+00:00
way,463183918,34.1373516,-118.1465319,,tennis,,,private,,,,pitch,,,,,,,,,,2026-10-09T19:01:36+00:00
way,484451590,34.1194596,-118.1347368,,tennis,,,private,,,,pitch,,,,,,,,,,2026-10-09T19:01:36+00:00
way,493355682,34.1889733,-118.1836331,,tennis,,,,,,,pitch,,,,,,,,,,2026-10-09T19:01:36+00:00
way,493355690,34.1878156,-118.1809277,,tennis,,,,,,,pitch,,,,,,,,,,2026-10-09T19:01:36+00:00
way,493355691,34.1889125,-118.1825294,,tennis,,,,,,,pitch,,,,,,,,,,2026-10-09T19:01:36+00:00
way,493355692,34.1886898,-118.1814665,,tennis,,,,,,,pitch,,,,,,,,,,2026-10-09T19:01:36+00:00
way,493355693,34.1889998,-118.1816697,,tennis,,,,,,,pitch,,,,,,,,,,2026-10-09T19:01:36+00:00
way,493355694,34.1886077,-118.1816415,,tennis,,,,,,,pitch,,,,,,,,,,2026-10-09T19:01:36+00:00
way,493355695,34.1885246,-118.1818145,,tennis,,,,,,,pitch,,,,,,,,,,2026-10-09T19:01:36+00:00
way,493355696,34.1884447,-118.1819909,,tennis,,,,,,,pitch,,,,,,,,,,2026-10-09T19:01:36+00:00
way,493355697,34.1887463,-118.1821927,,tennis,,,,,,,pitch,,,,,,,,,,2026-10-09T19:01:36+00:00
way,493355698,34.1888296,-118.1820204,,tennis,,,,,,,pitch,,,,,,,,,,2026-10-09T19:01:36+00:00
way,493355699,34.1889117,-118.181846,,tennis,,,,,,,pitch,,,,,,,,,,2026-10-09T19:01:36+00:00
way,493355700,34.1892989,-118.1818736,,tennis,,,,,,,pitch,,,,,,,,,,2026-10-09T19:01:36+00:00
way,493355701,34.189219,-118.1820493,,tennis,,,,,,,pitch,,,,,,,,,,2026-10-09T19:01:36+00:00
way,493355702,34.1891357,-118.1822222,,tennis,,,,,,,pitch,,,,,,,,,,2026-10-09T19:01:36+00:00
way,493355703,34.1890525,-118.1823966,,tennis,,,,,,,pitch,,,,,,,,,,2026-10-09T19:01:36+00:00
way,536360776,34.1689289,-118.1945209,,tennis,,,private,,,,pitch,,,,,,,,,,2026-10-09T19:01:36+00:00
way,553157851,34.1936581,-118.1814187,,tennis,,,,,,,pitch,,,,,,,,,,2026-10-09T19:01:36+00:00
way,553157852,34.1937862,-118.1810674,,tennis,,,,,,,pitch,,,,,,,,,,2026-10-09T19:01:36+00:00
way,553157853,34.193852,-118.1808867,,tennis,,,,,,,pitch,,,,,,,,,,2026-10-09T19:01:36+00:00
way,553157854,34.1937199,-118.1812489,,tennis,,,,,,,pitch,,,,,,,,,,2026-10-09T19:01:36+00:00
way,553157855,34.1935502,-118.1807279,,tennis,,,,,,,pitch,,,,,,,,,,2026-10-09T19:01:36+00:00
way,553157856,34.1934844,-118.1809086,,tennis,,,,,,,pitch,,,,,,,,,,2026-10-09T19:01:36+00:00
way,595661910,34.1887663,-118.1820183,Flint Canyon Tennis Club,tennis,,,,,,,sports_centre,,,,https://flintcanyontennisclub.com/,,,265,Berkshire Avenue,,2026-10-09T19:01:36+00:00
way,651417928,34.1443395,-118.1210716,,tennis,,,,,,,pitch,,,,,,,,,,2026-10-09T19:01:36+00:00
way,651417930,34.1440075,-118.1210676,,tennis,,,,,,,pitch,,,,,,,,,,2026-10-09T19:01:36+00:00
way,651417931,34.1440084,-118.1208711,,tennis,,,,,,,pitch,,,,,,,,,,2026-10-09T19:01:36+00:00
way,651417932,34.1436765,-118.1210655,,tennis,,,,,,,pitch,,,,,,,,,,2026-10-09T19:01:36+00:00
way,651417933,34.1436791,-118.1208671,,tennis,,,,,,,pitch,,,,,,,,,,2026-10-09T19:01:36+00:00
way,723901126,34.132879,-118.0900246,,tennis,,,private,,,,pitch,,,,,,,,,,2026-10-09T19:01:36+00:00
way,751251288,34.1320101,-118.154945,,tennis,,,,,,,pitch,,,,,,,,,,2026-10-09T19:01:36+00:00
way,843255789,34.118173,-118.1126858,,tennis,,,school,,,,pitch,,,,,,,,,,2026-10-09T19:01:36+00:00
way,843255790,34.1181167,-118.1128381,,tennis,,,school,,,,pitch,,,,,,,,,,2026-10-09T19:01:36+00:00
way,843255791,34.1180617,-118.1129902,,tennis,,,,,,,pitch,,,,,,,,,,2026-10-09T19:01:36+00:00
way,843256408,34.1417418,-118.0867611,,tennis,paved,,yes,,,,pitch,no,no,,,,,,,,2026-10-09T19:01:36+00:00
way,843256409,34.1417407,-118.0869596,,tennis,paved,,yes,,,,pitch,no,no,,,,,,,,2026-10-09T19:01:36+00:00
way,843257079,34.161143,-118.0576276,,tennis,,,,,,,pitch,,,,,,,,,,2026-10-09T19:01:36+00:00
way,843257080,34.1611426,-118.0577763,,tennis,,,,,,,pitch,,,,,,,,,,2026-10-09T19:01:36+00:00
way,891748811,34.1946995,-118.1946853,,tennis,,,private,,,,pitch,,,,,,,,,,2026-10-09T19:01:36+00:00
way,891748812,34.1951035,-118.1945307,,tennis,,,private,,,,pitch,,,,,,,,,,2026-10-09T19:01:36+00:00
way,891748813,34.193775,-118.1897583,,tennis,,,private,,,,pitch,,,,,,,,,,2026-10-09T19:01:36+00:00
way,891748814,34.1959514,-118.1903983,,tennis,,,private,,,,pitch,,,,,,,,,,2026-10-09T19:01:36+00:00
way,891748815,34.1955816,-118.1891324,,tennis,,,private,,,,pitch,,,,,,,,,,2026-10-09T19:01:36+00:00
way,891748816,34.1935407,-118.1866299,,tennis,,,private,,,,pitch,,,,,,,,,,2026-10-09T19:01:36+00:00
way,917608882,34.1259214,-118.1661035,,tennis,,,private,,,,pitch,,,,,,,,,,2026-10-09T19:01:36+00:00
way,918457248,34.132088,-118.1672554,,tennis,,,private,,,,pitch,,,,,,,,,,2026-10-09T19:01:36+00:00
way,918457258,34.1333497,-118.1709733,,tennis,,,private,,,,pitch,,,,,,,,,,2026-10-09T19:01:36+00:00
way,918457261,34.1262961,-118.1658501,,tennis,,,private,,,,pitch,,,,,,,,,,2026-10-09T19:01:36+00:00
way,918929387,34.1057202,-118.1856932,,tennis,,,,,,,pitch,,,,,,,,,,2026-10-09T19:01:36+00:00
way,919783613,34.1420965,-118.1716881,,tennis,,,private,,,,pitch,,,,,,,,,,2026-10-09T19:01:36+00:00
way,919783617,34.141521,-118.1716294,,tennis,,,private,,,,pitch,,,,,,,,,,2026-10-09T19:01:36+00:00
way,919783635,34.1348615,-118.1684036,,tennis,,,private,,,,pitch,,,,,,,,,,2026-10-09T19:01:36+00:00
way,919783637,34.1346198,-118.1697847,,tennis,,,private,,,,pitch,,,,,,,,,,2026-10-09T19:01:36+00:00
way,919783638,34.1340942,-118.1701037,,tennis,,,private,,,,pitch,,,,,,,,,,2026-10-09T19:01:36+00:00
way,919783641,34.1378851,-118.170619,,tennis,,,private,,,,pitch,,,,,,,,,,2026-10-09T19:01:36+00:00
way,922216848,34.1287974,-118.167301,,tennis,,,private,,,,pitch,,,,,,,,,,2026-10-09T19:01:36+00:00
way,922216867,34.1462722,-118.1652769,,tennis,,,private,,,,pitch,,,,,,,,,,2026-10-09T19:01:36+00:00
way,922266720,34.1040699,-118.1618576,,tennis,,,private,,,,pitch,,,,,,,,,,2026-10-09T19:01:36+00:00
way,924405565,34.1180951,-118.1463799,,tennis,,,,,,,pitch,,,,,,,,,,2026-10-09T19:01:36+00:00
way,924405566,34.1181054,-118.1462002,,tennis,,,,,,,pitch,,,,,,,,,,2026-10-09T19:01:36+00:00
way,931632075,34.1073501,-118.1605866,,tennis,,,private,,,,pitch,,,,,,,,,,2026-10-09T19:01:36+00:00
way,931632092,34.1070735,-118.1584849,,tennis,,,private,,,,pitch,,,,,,,,,,2026-10-09T19:01:36+00:00
way,974475914,34.115963,-118.1700096,,tennis,,,,,,,pitch,,,,,,,,,,2026-10-09T19:01:36+00:00
way,974475915,34.116187,-118.1697178,,tennis,,,,,,,pitch,,,,,,,,,,2026-10-09T19:01:36+00:00
way,974475916,34.1165155,-118.1691386,,tennis,,,,,,,pitch,,,,,,,,,,2026-10-09T19:01:36+00:00
way,974475917,34.1164044,-118.1692853,,tennis,,,,,,,pitch,,,,,,,,,,2026-10-09T19:01:36+00:00
way,974475918,34.1167778,-118.168796,,tennis,,,,,,,pitch,,,,,,,,,,2026-10-09T19:01:36+00:00
way,974475919,34.1168855,-118.1686536,,tennis,,,,,,,pitch,,,,,,,,,,2026-10-09T19:01:36+00:00
way,974475920,34.1169961,-118.1685088,,tennis,,,,,,,pitch,,,,,,,,,,2026-10-09T19:01:36+00:00
way,974475921,34.1171089,-118.1683609,,tennis,,,,,,,pitch,,,,,,,,,,2026-10-09T19:01:36+00:00
way,974475922,34.1172273,-118.1681563,,tennis,,,,,,,pitch,,,,,,,,,,2026-10-09T19:01:36+00:00
way,987557357,34.1300879,-118.1632589,,tennis,,,,,,,pitch,,,,,,,,,,2026-10-09T19:01:36+00:00
way,987557358,34.1300901,-118.1634555,,tennis,,,,,,,pitch,,,,,,,,,,2026-10-09T19:01:36+00:00
way,988177711,34.1237024,-118.1618984,,tennis,,,,,,,pitch,,,,,,,,,,2026-10-09T19:01:36+00:00
way,988177713,34.1243981,-118.1610692,,tennis,,,private,,,,pitch,,,,,,,,,,2026-10-09T19:01:36+00:00
way,988177738,34.1249228,-118.1616877,,tennis,,,,,,,pitch,,,,,,,,,,2026-10-09T19:01:36+00:00
way,988412899,34.1366986,-118.1580238,,tennis,,,private,,,,pitch,,,,,,,,,,2026-10-09T19:01:36+00:00
way,988412900,34.1367009,-118.1578255,,tennis,,,private,,,,pitch,,,,,,,,,,2026-10-09T19:01:36+00:00
way,988412901,34.1367029,-118.1576376,,tennis,,,private,,,,pitch,,,,,,,,,,2026-10-09T19:01:36+00:00
way,988412902,34.1367056,-118.1574514,,tennis,,,private,,,,pitch,,,,,,,,,,2026-10-09T19:01:36+00:00
way,988412903,34.1371137,-118.1580135,,tennis,,,private,,,,pitch,,,,,,,,,,2026-10-09T19:01:36+00:00
way,988412904,34.1371097,-118.1578244,,tennis,,,private,,,,pitch,,,,,,,,,,2026-10-09T19:01:36+00:00
way,988412905,34.1370888,-118.1576346,,tennis,,,private,,,,pitch,,,,,,,,,,2026-10-09T19:01:36+00:00
way,988412929,34.1347801,-118.1611559,,tennis,,,private,,,,pitch,,,,,,,,,,2026-10-09T19:01:36+00:00
way,1019269086,34.1385362,-118.0674039,,tennis,,,,,,,pitch,,,,,,,,,,2026-10-09T19:01:36+00:00
way,1019269087,34.1382122,-118.0673927,,tennis,,,,,,,pitch,,,,,,,,,,2026-10-09T19:01:36+00:00
way,1019269088,34.1382134,-118.0672306,,tennis,,,,,,,pitch,,,,,,,,,,2026-10-09T19:01:36+00:00
way,1044145766,34.1176374,-118.0659598,,tennis,,,,,,,pitch,,,,,,,,,,2026-10-09T19:01:36+00:00
way,1044145767,34.1176655,-118.0657599,,tennis,,,,,,,pitch,,,,,,,,,,2026-10-09T19:01:36+00:00
way,1044145768,34.1173405,-118.0656949,,tennis,,,,,,,pitch,,,,,,,,,,2026-10-09T19:01:36+00:00
way,1044145769,34.1173126,-118.065895,,tennis,,,,,,,pitch,,,,,,,,,,2026-10-09T19:01:36+00:00
way,1044145770,34.1174883,-118.0658298,,tennis,,,,,,,sports_centre,,,,,,,,,,2026-10-09T19:01:36+00:00
way,1044145771,34.1187441,-118.0651903,,tennis,,,,,,,pitch,,,,,,,,,,2026-10-09T19:01:36+00:00
way,1044145772,34.1187225,-118.0653479,,tennis,,,,,,,pitch,,,,,,,,,,2026-10-09T19:01:36+00:00
way,1044145773,34.1187346,-118.0652623,,tennis,,,,,,,sports_centre,,,,,,,,,,2026-10-09T19:01:36+00:00
way,1224939249,34.134577,-118.1255663,,tennis,,,,,,,pitch,,,,,,,,,,2026-10-09T19:01:36+00:00
way,1224939250,34.1345765,-118.1253715,,tennis,,,,,,,pitch,,,,,,,,,,2026-10-09T19:01:36+00:00
way,1224939251,34.1349069,-118.1253713,,tennis,,,,,,,pitch,,,,,,,,,,2026-10-09T19:01:36+00:00
way,1224939252,34.1349075,-118.1255661,,tennis,,,,,,,pitch,,,,,,,,,,2026-10-09T19:01:36+00:00
way,1224939253,34.13524,-118.12537,,tennis,,,,,,,pitch,,,,,,,,,,2026-10-09T19:01:36+00:00
way,1224939254,34.1352405,-118.1255648,,tennis,,,,,,,pitch,,,,,,,,,,2026-10-09T19:01:36+00:00
way,1224939255,34.1355718,-118.1253667,,tennis,,,,,,,pitch,,,,,,,,,,2026-10-09T19:01:36+00:00
way,1224939256,34.1355725,-118.1255614,,tennis,,,,,,,pitch,,,,,,,,,,2026-10-09T19:01:36+00:00
way,1224939257,34.1375387,-118.1217365,,tennis,,,,,,,pitch,,,,,,,,,,2026-10-09T19:01:36+00:00
way,1224939258,34.1375392,-118.1219313,,tennis,,,,,,,pitch,,,,,,,,,,2026-10-09T19:01:36+00:00
way,1224939259,34.137537,-118.1215349,,tennis,,,,,,,pitch,,,,,,,,,,2026-10-09T19:01:36+00:00
way,1224939260,34.1376172,-118.1217336,,pickleball,,,,,,,pitch,,,,,,,,,,2026-10-09T19:01:36+00:00
way,1224939261,34.137458,-118.1217347,,pickleball,,,,,,,pitch,,,,,,,,,,2026-10-09T19:01:36+00:00
way,1250983504,34.1280681,-118.0924853,,tennis,,,,,,,pitch,,,,,,,,,,2026-10-09T19:01:36+00:00
way,1292196149,34.1767702,-118.0868649,,tennis,,,private,,,,pitch,,,,,,,,,,2026-10-09T19:01:36+00:00
way,1292196164,34.1781562,-118.0863288,,tennis,,,private,,,,pitch,,,,,,,,,,2026-10-09T19:01:36+00:00
way,1292196173,34.1752481,-118.0864165,,tennis,,,private,,,,pitch,,,,,,,,,,2026-10-09T19:01:36+00:00
way,1349845072,34.1806674,-118.1695884,,tennis,,,,,,,pitch,,,,,,,,,,2026-10-09T19:01:36+00:00
way,1349981468,34.167001,-118.1746169,,tennis,,,,,,,pitch,,,,,,,,,,2026-10-09T19:01:36+00:00
way,1350021937,34.1779389,-118.174759,,tennis,,,,,,,pitch,,,,,,,,,,2026-10-09T19:01:36+00:00
way,1350181812,34.1127991,-118.139056,,tennis,,,,,,,pitch,,,,,,,,,,2026-10-09T19:01:36+00:00
way,1410911797,34.128756,-118.1231933,,tennis,,,private,,,,pitch,,,,,,,,,,2026-10-09T19:01:36+00:00
way,1410911799,34.1286476,-118.1236332,,tennis,,,private,,,,pitch,,,,,,,,,,2026-10-09T19:01:36+00:00
way,1410911801,34.1278095,-118.1246661,,tennis,,,,,,,pitch,,,,,,,,,,2026-10-09T19:01:36+00:00
way,1410911803,34.1275712,-118.125748,,tennis,,,,,,,pitch,,,,,,,,,,2026-10-09T19:01:36+00:00
way,1410911805,34.1275026,-118.1253836,,tennis,,,,,,,pitch,,,,,,,,,,2026-10-09T19:01:36+00:00
way,1410911807,34.1277856,-118.1254573,,tennis,,,,,,,pitch,,,,,,,,,,2026-10-09T19:01:36+00:00
way,1411181737,34.1168695,-118.1210991,,tennis,,,private,,,,pitch,,,,,,,,,,2026-10-09T19:01:36+00:00
way,1411181739,34.1172345,-118.1208628,,tennis,,,private,,,,pitch,,,,,,,,,,2026-10-09T19:01:36+00:00
way,1411181741,34.1173785,-118.121448,,tennis,,,private,,,,pitch,,,,,,,,,,2026-10-09T19:01:36+00:00
way,1411181743,34.1176285,-118.1213941,,tennis,,,private,,,,pitch,,,,,,,,,,2026-10-09T19:01:36+00:00
way,1411181745,34.1178948,-118.1221718,,pickleball,,,private,,,,pitch,,,,,,,,,,2026-10-09T19:01:36+00:00
way,1411181747,34.1167776,-118.1238361,,tennis,,,,,,,pitch,,,,,,,,,,2026-10-09T19:01:36+00:00
way,1411181749,34.1160144,-118.1225497,,tennis,,,,,,,pitch,,,,,,,,,,2026-10-09T19:01:36+00:00
way,1411181753,34.1147212,-118.1249474,,tennis,,,,,,,pitch,,,,,,,,,,2026-10-09T19:01:36+00:00
way,1411182544,34.1194984,-118.1205868,,tennis,,,private,,,,pitch,,,,,,,,,,2026-10-09T19:01:36+00:00
way,1411183172,34.1180205,-118.1192611,,tennis,,,private,,,,pitch,,,,,,,,,,2026-10-09T19:01:36+00:00
way,1411183173,34.1181647,-118.1191144,,tennis,,,private,,,,pitch,,,,,,,,,,2026-10-09T19:01:36+00:00
way,1411184779,34.1227006,-118.1189478,,tennis,,,private,,,,pitch,,,,,,,,,,2026-10-09T19:01:36+00:00
way,1411184783,34.1230811,-118.1193309,,tennis,,,private,,,,pitch,,,,,,,,,,2026-10-09T19:01:36+00:00
way,1411184785,34.12335,-118.119659,,tennis,,,private,,,,pitch,,,,,,,,,,2026-10-09T19:01:36+00:00
way,1411184787,34.1232401,-118.1201825,,tennis,,,private,,,,pitch,,,,,,,,,,2026-10-09T19:01:36+00:00
way,1411184789,34.1234136,-118.1205371,,tennis,,,private,,,,pitch,,,,,,,,,,2026-10-09T19:01:36+00:00
way,1411184882,34.1230088,-118.1198711,,tennis,,,private,,,,pitch,,,,,,,,,,2026-10-09T19:01:36+00:00
way,1411185135,34.1239725,-118.1208235,,tennis,,,private,,,,pitch,,,,,,,,,,2026-10-09T19:01:36+00:00
way,1411185137,34.125042,-118.1205748,,tennis,,,private,,,,pitch,,,,,,,,,,2026-10-09T19:01:36+00:00
way,1411185139,34.1242638,-118.119035,,tennis,,,private,,,,pitch,,,,,,,,,,2026-10-09T19:01:36+00:00
way,1411881024,34.1300674,-118.1200049,,tennis,,,private,,,,pitch,,,,,,,,,,2026-10-09T19:01:36+00:00
way,1411905966,34.1303114,-118.1232601,,tennis,,,private,,,,pitch,,,,,,,,,,2026-10-09T19:01:36+00:00
way,1411905967,34.1300725,-118.1249723,,tennis,,,private,,,,pitch,,,,,,,,,,2026-10-09T19:01:36+00:00
way,1411905968,34.1295986,-118.1249731,,tennis,,,private,,,,pitch,,,,,,,,,,2026-10-09T19:01:36+00:00
way,1411905969,34.1264251,-118.124094,,tennis,,,private,,,,pitch,,,,,,,,,,2026-10-09T19:01:36+00:00
way,1412349350,34.1300806,-118.1088256,,tennis,,,private,,,,pitch,,,,,,,,,,2026-10-09T19:01:36+00:00
way,1412349351,34.1297695,-118.1088051,,tennis,,,private,,,,pitch,,,,,,,,,,2026-10-09T19:01:36+00:00
way,1412638630,34.1198528,-118.124128,,tennis,,,private,,,,pitch,,,,,,,,,,2026-10-09T19:01:36+00:00
way,1413415511,34.1270411,-118.0889337,,tennis,,,,,,,pitch,,,,,,,,,,2026-10-09T19:01:36+00:00
way,1413415512,34.1269975,-118.0891394,,tennis,,,,,,,pitch,,,,,,,,,,2026-10-09T19:01:36+00:00
way,1414775679,34.1318191,-118.0758331,,tennis,,,private,,,,pitch,,,,,,,,,,2026-10-09T19:01:36+00:00
way,1414777265,34.1315744,-118.0750556,,tennis,,,private,,,,pitch,,,,,,,,,,2026-10-09T19:01:36+00:00
way,1416976841,34.1333093,-118.0751294,,tennis,,,private,,,,pitch,,,,,,,,,,2026-10-09T19:01:36+00:00
way,1416976928,34.1330036,-118.0753569,,tennis,,,private,,,,pitch,,,,,,,,,,2026-10-09T19:01:36+00:00
way,1417056210,34.1367019,-118.0807081,,tennis,,,private,,,,pitch,,,,,,,,,,2026-10-09T19:01:36+00:00
way,1417056536,34.1215657,-118.1288148,,tennis,,,private,,,,pitch,,,,,,,,,,2026-10-09T19:01:36+00:00
way,1417057027,34.1312442,-118.108985,,tennis,,,private,,,,pitch,,,,,,,,,,2026-10-09T19:01:36+00:00
way,1417161639,34.121439,-118.12807,,tennis,,,private,,,,pitch,,,,,,,,,,2026-10-09T19:01:36+00:00
way,1417161686,34.1215292,-118.1257057,,tennis,,,private,,,,pitch,,,,,,,,,,2026-10-09T19:01:36+00:00
way,1417161848,34.1242486,-118.1341858,,tennis,,,private,,,,pitch,,,,,,,,,,2026-10-09T19:01:36+00:00
way,1417161888,34.1272259,-118.1312461,,tennis,,,private,,,,pitch,,,,,,,,,,2026-10-09T19:01:36+00:00
way,1417161957,34.1238715,-118.1181866,,tennis,,,private,,,,pitch,,,,,,,,,,2026-10-09T19:01:36+00:00
way,1417162017,34.124766,-118.1175839,,tennis,,,private,,,,pitch,,,,,,,,,,2026-10-09T19:01:36+00:00
way,1417162110,34.1237524,-118.1162992,,tennis,,,private,,,,pitch,,,,,,,,,,2026-10-09T19:01:36+00:00
way,1417162213,34.1227741,-118.1183441,,tennis,,,private,,,,pitch,,,,,,,,,,2026-10-09T19:01:36+00:00
way,1417162276,34.1294846,-118.1084677,,tennis,,,private,,,,pitch,,,,,,,,,,2026-10-09T19:01:36+00:00
way,1417162931,34.1319598,-118.1092124,,tennis,,,private,,,,pitch,,,,,,,,,,2026-10-09T19:01:36+00:00
way,1417163004,34.1315526,-118.1092592,,tennis,,,private,,,,pitch,,,,,,,,,,2026-10-09T19:01:36+00:00
way,1417163006,34.1303583,-118.1088458,,pickleball,,,private,,,,pitch,,,,,,,,,,2026-10-09T19:01:36+00:00
way,1417163035,34.1345998,-118.1128901,,tennis,,,private,,,,pitch,,,,,,,,,,2026-10-09T19:01:36+00:00
way,1417163253,34.1196452,-118.0988969,,tennis,,,private,,,,pitch,,,,,,,,,,2026-10-09T19:01:36+00:00
way,1417163254,34.1194036,-118.09882,,tennis,,,private,,,,pitch,,,,,,,,,,2026-10-09T19:01:36+00:00
way,1417163310,34.1191449,-118.0990087,,tennis,,,private,,,,pitch,,,,,,,,,,2026-10-09T19:01:36+00:00
way,1417163401,34.1345916,-118.0810617,,tennis,,,private,,,,pitch,,,,,,,,,,2026-10-09T19:01:36+00:00
way,1418046734,34.1366829,-118.0804702,,tennis,,,private,,,,pitch,,,,,,,,,,2026-10-09T19:01:36+00:00
way,1418046763,34.1367071,-118.079874,,tennis,,,private,,,,pitch,,,,,,,,,,2026-10-09T19:01:36+00:00
way,1418047009,34.1356284,-118.0795109,,tennis,,,private,,,,pitch,,,,,,,,,,2026-10-09T19:01:36+00:00
way,1418047217,34.1351224,-118.0814716,,tennis,,,private,,,,pitch,,,,,,,,,,2026-10-09T19:01:36+00:00
way,1418047315,34.1375121,-118.0823915,,tennis,,,private,,,,pitch,,,,,,,,,,2026-10-09T19:01:36+00:00
way,1418047397,34.137118,-118.0780316,,tennis,,,,,,,pitch,,,,,,,,,,2026-10-09T19:01:36+00:00
way,1418047398,34.1370919,-118.0777561,,tennis,,,,,,,pitch,,,,,,,,,,2026-10-09T19:01:36+00:00
way,1418047454,34.1363221,-118.0768858,,tennis,,,,,,,pitch,,,,,,,,,,2026-10-09T19:01:36+00:00
way,1418047742,34.1360257,-118.0761999,,tennis,,,,,,,pitch,,,,,,,,,,2026-10-09T19:01:36+00:00
way,1418047827,34.1330536,-118.0761298,,tennis,,,private,,,,pitch,,,,,,,,,,2026-10-09T19:01:36+00:00
way,1418047828,34.1329398,-118.0759079,,tennis,,,private,,,,pitch,,,,,,,,,,2026-10-09T19:01:36+00:00
way,1418048035,34.1314334,-118.0778684,,tennis,,,private,,,,pitch,,,,,,,,,,2026-10-09T19:01:36+00:00
way,1418048282,34.1310444,-118.0775512,,tennis,,,private,,,,pitch,,,,,,,,,,2026-10-09T19:01:36+00:00
way,1418048284,34.1312261,-118.07695,,tennis,,,private,,,,pitch,,,,,,,,,,2026-10-09T19:01:36+00:00
way,1418048328,34.1306843,-118.077877,,tennis,,,private,,,,pitch,,,,,,,,,,2026-10-09T19:01:36+00:00
way,1419121981,34.1427626,-118.1871599,,tennis,,,,,,,pitch,,,,,,,,,,2026-10-09T19:01:36+00:00
way,1419121982,34.1426583,-118.1870195,,tennis,,,,,,,pitch,,,,,,,,,,2026-10-09T19:01:36+00:00
way,1419121983,34.1425573,-118.1868657,,tennis,,,,,,,pitch,,,,,,,,,,2026-10-09T19:01:36+00:00
way,1419122249,34.1522394,-118.1649838,,tennis,,,,,,,pitch,,,,,,,,,,2026-10-09T19:01:36+00:00
way,1419122250,34.152235,-118.164788,,tennis,,,,,,,pitch,,,,,,,,,,2026-10-09T19:01:36+00:00
way,1419122251,34.1522316,-118.1645827,,tennis,,,,,,,pitch,,,,,,,,,,2026-10-09T19:01:36+00:00
way,1419122252,34.1522261,-118.1643856,,tennis,,,,,,,pitch,,,,,,,,,,2026-10-09T19:01:36+00:00
way,1419122253,34.1522216,-118.1641911,,tennis,,,,,,,pitch,,,,,,,,,,2026-10-09T19:01:36+00:00
way,1419123165,34.1087977,-118.1562379,,tennis,,,,,,,pitch,,,,,,,,,,2026-10-09T19:01:36+00:00
way,1419123166,34.1087962,-118.156064,,tennis,,,,,,,pitch,,,,,,,,,,2026-10-09T19:01:36+00:00
way,1419123167,34.1084666,-118.1562379,,tennis,,,,,,,pitch,,,,,,,,,,2026-10-09T19:01:36+00:00
way,1419123168,34.1084649,-118.1560659,,tennis,,,,,,,pitch,,,,,,,,,,2026-10-09T19:01:36+00:00
way,1419123266,34.1086328,-118.1430176,,tennis,,,,,,,pitch,,,,,,,,,,2026-10-09T19:01:36+00:00
way,1419123267,34.1086337,-118.1428563,,tennis,,,,,,,pitch,,,,,,,,,,2026-10-09T19:01:36+00:00
way,1419123268,34.1082934,-118.1430153,,tennis,,,,,,,pitch,,,,,,,,,,2026-10-09T19:01:36+00:00
way,1419123269,34.1082953,-118.1428529,,tennis,,,,,,,pitch,,,,,,,,,,2026-10-09T19:01:36+00:00
way,1419123815,34.1064388,-118.1022937,,tennis,,,,,,,pitch,,,,,,,,,,2026-10-09T19:01:36+00:00
way,1419123816,34.1064436,-118.1021273,,tennis,,,,,,,pitch,,,,,,,,,,2026-10-09T19:01:36+00:00
way,1420450706,34.1308401,-118.1406167,,tennis,,,private,,,,pitch,,,,,,,,,,2026-10-09T19:01:36+00:00
way,1420451524,34.1305939,-118.122792,,tennis,,,private,,,,pitch,,,,,,,,,,2026-10-09T19:01:36+00:00
way,1420451619,34.1124308,-118.128171,,tennis,,,private,,,,pitch,,,,,,,,,,2026-10-09T19:01:36+00:00
way,1420451627,34.1097975,-118.1332014,,tennis,,,private,,,,pitch,,,,,,,,,,2026-10-09T19:01:36+00:00
way,1420451639,34.1137457,-118.1292727,,tennis,,,private,,,,pitch,,,,,,,,,,2026-10-09T19:01:36+00:00
way,1421547217,34.1398607,-118.0813591,,tennis,,,,,,,pitch,,,,,,,,,,2026-10-09T19:01:36+00:00
way,1421547218,34.139863,-118.0811949,,tennis,,,,,,,pitch,,,,,,,,,,2026-10-09T19:01:36+00:00
way,1421547219,34.1402043,-118.0811995,,tennis,,,,,,,pitch,,,,,,,,,,2026-10-09T19:01:36+00:00
way,1421547220,34.1402021,-118.0813639,,tennis,,,,,,,pitch,,,,,,,,,,2026-10-09T19:01:36+00:00
way,1421547221,34.1404448,-118.0812846,,tennis,,,,,,,pitch,,,,,,,,,,2026-10-09T19:01:36+00:00
way,1422461214,34.1566064,-118.0526801,,tennis,,,yes,,,,pitch,,,,,,,,,,2026-10-09T19:01:36+00:00
way,1422461215,34.1566077,-118.052523,,tennis,,,yes,,,,pitch,,,,,,,,,,2026-10-09T19:01:36+00:00
way,1422461216,34.1566085,-118.0523585,,tennis,,,yes,,,,pitch,,,,,,,,,,2026-10-09T19:01:36+00:00
way,1422461217,34.1566099,-118.0521989,,tennis,,,yes,,,,pitch,,,,,,,,,,2026-10-09T19:01:36+00:00
way,1422461218,34.1566146,-118.052006,,tennis,,,yes,,,,pitch,,,,,,,,,,2026-10-09T19:01:36+00:00
way,1422461253,34.1630608,-118.0745464,,tennis,,,,,,,pitch,,,,,,,,,,2026-10-09T19:01:36+00:00
way,1422461254,34.163068,-118.0743454,,tennis,,,,,,,pitch,,,,,,,,,,2026-10-09T19:01:36+00:00
way,1422461281,34.1627174,-118.0963663,,tennis,,,,,,,pitch,,,,,,,,,,2026-10-09T19:01:36+00:00
way,1422461282,34.1627215,-118.0961827,,tennis,,,,,,,pitch,,,,,,,,,,2026-10-09T19:01:36+00:00
way,1422461283,34.1627255,-118.0959167,,tennis,,,,,,,pitch,,,,,,,,,,2026-10-09T19:01:36+00:00
way,1422461284,34.1627255,-118.0957321,,tennis,,,,,,,pitch,,,,,,,,,,2026-10-09T19:01:36+00:00
way,1422461285,34.1627296,-118.0955279,,tennis,,,,,,,pitch,,,,,,,,,,2026-10-09T19:01:36+00:00
way,1422461286,34.162732,-118.0953502,,tennis,,,,,,,pitch,,,,,,,,,,2026-10-09T19:01:36+00:00
way,1422461287,34.1627345,-118.095144,,tennis,,,,,,,pitch,,,,,,,,,,2026-10-09T19:01:36+00:00
way,1422461288,34.1627369,-118.0949585,,tennis,,,,,,,pitch,,,,,,,,,,2026-10-09T19:01:36+00:00
way,1422461289,34.1627377,-118.0947553,,tennis,,,,,,,pitch,,,,,,,,,,2026-10-09T19:01:36+00:00
way,1422461290,34.162741,-118.0945668,,tennis,,,,,,,pitch,,,,,,,,,,2026-10-09T19:01:36+00:00
way,1422461377,34.1631121,-118.1107277,,tennis,,,,,,,pitch,,,,,,,,,,2026-10-09T19:01:36+00:00
way,1422461378,34.1631158,-118.1105687,,tennis,,,,,,,pitch,,,,,,,,,,2026-10-09T19:01:36+00:00
way,1422461379,34.1631102,-118.1104028,,tennis,,,,,,,pitch,,,,,,,,,,2026-10-09T19:01:36+00:00
way,1422461380,34.1627493,-118.1107231,,tennis,,,,,,,pitch,,,,,,,,,,2026-10-09T19:01:36+00:00
way,1422461381,34.1627503,-118.1105596,,tennis,,,,,,,pitch,,,,,,,,,,2026-10-09T19:01:36+00:00
way,1422461382,34.1627503,-118.1104074,,tennis,,,,,,,pitch,,,,,,,,,,2026-10-09T19:01:36+00:00
way,1422462169,34.1845217,-118.1220895,,tennis,,,,,,,pitch,,,,,,,,,,2026-10-09T19:01:36+00:00
way,1422462170,34.1845246,-118.1218911,,tennis,,,,,,,pitch,,,,,,,,,,2026-10-09T19:01:36+00:00
way,1422462234,34.17945,-118.1639311,,tennis,,,,,,,pitch,,,,,,,,,,2026-10-09T19:01:36+00:00
way,1422462235,34.1794524,-118.1637436,,tennis,,,,,,,pitch,,,,,,,,,,2026-10-09T19:01:36+00:00
way,1422462236,34.1798191,-118.163934,,tennis,,,,,,,pitch,,,,,,,,,,2026-10-09T19:01:36+00:00
way,1422462237,34.1798215,-118.1637494,,tennis,,,,,,,pitch,,,,,,,,,,2026-10-09T19:01:36+00:00
way,1422462238,34.1798215,-118.1635311,,tennis,,,,,,,pitch,,,,,,,,,,2026-10-09T19:01:36+00:00
way,1422462239,34.179823,-118.1633503,,tennis,,,,,,,pitch,,,,,,,,,,2026-10-09T19:01:36+00:00
way,1422462240,34.1801516,-118.1633484,,tennis,,,,,,,pitch,,,,,,,,,,2026-10-09T19:01:36+00:00
way,1422462241,34.1801571,-118.1635378,,tennis,,,,,,,pitch,,,,,,,,,,2026-10-09T19:01:36+00:00
way,1422462242,34.1801524,-118.1637523,,tennis,,,,,,,pitch,,,,,,,,,,2026-10-09T19:01:36+00:00
way,1422462243,34.1801531,-118.1639417,,tennis,,,,,,,pitch,,,,,,,,,,2026-10-09T19:01:36+00:00
way,1442404013,34.1252234,-118.0863849,,tennis,,,private,,,,pitch,,,,,,,,,,2026-10-09T19:01:36+00:00
way,1442404184,34.1261425,-118.082913,,tennis,,,private,,,,pitch,,,,,,,,,,2026-10-09T19:01:36+00:00
way,1476310845,34.1239226,-118.1453506,,tennis,,,,,,,pitch,,,,,,,,,,2026-10-09T19:01:36+00:00
way,1476310846,34.1238188,-118.1454868,,tennis,,,,,,,pitch,,,,,,,,,,2026-10-09T19:01:36+00:00
way,1476310847,34.1237168,-118.1456276,,tennis,,,,,,,pitch,,,,,,,,,,2026-10-09T19:01:36+00:00
way,1476310848,34.1234723,-118.1453595,,tennis,,,,,,,pitch,,,,,,,,,,2026-10-09T19:01:36+00:00
way,1476310849,34.1235752,-118.1452209,,tennis,,,,,,,pitch,,,,,,,,,,2026-10-09T19:01:36+00:00
way,1476310855,34.1259538,-118.1455107,,pickleball,,,,,,,pitch,,,,,,,,,,2026-10-09T19:01:36+00:00
way,1476310856,34.1259537,-118.1454223,,pickleball,,,,,,,pitch,,,,,,,,,,2026-10-09T19:01:36+00:00
way,1476310857,34.1257887,-118.1455101,,pickleball,,,,,,,pitch,,,,,,,,,,2026-10-09T19:01:36+00:00
way,1476310858,34.1257891,-118.1454202,,pickleball,,,,,,,pitch,,,,,,,,,,2026-10-09T19:01:36+00:00
way,1479966125,34.1404822,-118.0910358,,tennis,,,,,,,pitch,,,,,,,,,,2026-10-09T19:01:36+00:00
way,1484203001,34.1068816,-118.0930266,,tennis,,,private,,,,pitch,,,,,,,,,,2026-10-09T19:01:36+00:00
way,1484389461,34.1348803,-118.084471,,tennis,,,private,,,,pitch,,,,,,,,,,2026-10-09T19:01:36+00:00
way,1486167267,34.12514,-118.1080144,,tennis,,,private,,,,pitch,,,,,,,,,,2026-10-09T19:01:36+00:00
way,1495747324,34.1277664,-118.0975781,,tennis,,,private,,,,pitch,,,,,,,,,,2026-10-09T19:01:36+00:00
way,1495747325,34.1278819,-118.0972388,,tennis,,,private,,,,pitch,,,,,,,,,,2026-10-09T19:01:36+00:00
way,1495747326,34.1281265,-118.0973509,,tennis,,,private,,,,pitch,,,,,,,,,,2026-10-09T19:01:36+00:00
way,1495747379,34.1275299,-118.1058704,,tennis,,,private,,,,pitch,,,,,,,,,,2026-10-09T19:01:36+00:00
way,1495747429,34.1309207,-118.1064882,,tennis,,,private,,,,pitch,,,,,,,,,,2026-10-09T19:01:36+00:00
way,1495747430,34.130931,-118.1062357,,tennis,,,private,,,,pitch,,,,,,,,,,2026-10-09T19:01:36+00:00
way,1495748007,34.1332322,-118.1180473,,tennis,,,private,,,,pitch,,,,,,,,,,2026-10-09T19:01:36+00:00
way,1495748008,34.1337226,-118.1185731,,tennis,,,private,,,,pitch,,,,,,,,,,2026-10-09T19:01:36+00:00
way,1495748009,34.1335044,-118.1204383,,tennis,,,private,,,,pitch,,,,,,,,,,2026-10-09T19:01:36+00:00
way,1495748010,34.133202,-118.1203679,,tennis,,,private,,,,pitch,,,,,,,,,,2026-10-09T19:01:36+00:00
way,1495748011,34.1348745,-118.118305,,tennis,,,private,,,,pitch,,,,,,,,,,2026-10-09T19:01:36+00:00
way,1495748012,34.1335088,-118.1146303,,tennis,,,private,,,,pitch,,,,,,,,,,2026-10-09T19:01:36+00:00
way,1495748013,34.133673,-118.1137205,,tennis,,,private,,,,pitch,,,,,,,,,,2026-10-09T19:01:36+00:00
way,1495748014,34.1334057,-118.1092244,,tennis,,,private,,,,pitch,,,,,,,,,,2026-10-09T19:01:36+00:00
way,1495748015,34.1351095,-118.1088279,,tennis,,,private,,,,pitch,,,,,,,,,,2026-10-09T19:01:36+00:00
way,1495748016,34.1350895,-118.1107309,,tennis,,,private,,,,pitch,,,,,,,,,,2026-10-09T19:01:36+00:00
way,1495748017,34.1350937,-118.1111232,,tennis,,,private,,,,pitch,,,,,,,,,,2026-10-09T19:01:36+00:00
way,1495748018,34.1351159,-118.1114642,,tennis,,,private,,,,pitch,,,,,,,,,,2026-10-09T19:01:36+00:00
way,1495748019,34.1350493,-118.1100126,,tennis,,,private,,,,pitch,,,,,,,,,,2026-10-09T19:01:36+00:00
way,1497209345,34.1326515,-118.1208649,,tennis,,,private,,,,pitch,,,,,,,,,,2026-10-09T19:01:36+00:00
way,1497209544,34.1370168,-118.0971097,,tennis,,,private,,,,pitch,,,,,,,,,,2026-10-09T19:01:36+00:00
way,1497212839,34.136661,-118.0889368,,tennis,,,private,,,,pitch,,,,,,,,,,2026-10-09T19:01:36+00:00
way,1497212840,34.1366879,-118.0885016,,tennis,,,private,,,,pitch,,,,,,,,,,2026-10-09T19:01:36+00:00
way,1497212841,34.1370339,-118.0881537,,tennis,,,,,,,pitch,,,,,,,,,,2026-10-09T19:01:36+00:00
way,1497212842,34.1367408,-118.087249,,tennis,,,private,,,,pitch,,,,,,,,,,2026-10-09T19:01:36+00:00
way,1497212843,34.1370938,-118.0869157,,tennis,,,private,,,,pitch,,,,,,,,,,2026-10-09T19:01:36+00:00
way,1497212844,34.1367441,-118.0866735,,tennis,,,private,,,,pitch,,,,,,,,,,2026-10-09T19:01:36+00:00
way,1497212845,34.1371092,-118.085674,,tennis,,,private,,,,pitch,,,,,,,,,,2026-10-09T19:01:36+00:00
way,1497212846,34.1367579,-118.0846715,,tennis,,,private,,,,pitch,,,,,,,,,,2026-10-09T19:01:36+00:00
way,1497212847,34.1367845,-118.0842512,,tennis,,,private,,,,pitch,,,,,,,,,,2026-10-09T19:01:36+00:00
way,1497212848,34.1354228,-118.0921992,,tennis,,,private,,,,pitch,,,,,,,,,,2026-10-09T19:01:36+00:00
way,1497212849,34.1342145,-118.0907974,,tennis,,,private,,,,pitch,,,,,,,,,,2026-10-09T19:01:36+00:00
way,1497212850,34.1345474,-118.0903044,,tennis,,,private,,,,pitch,,,,,,,,,,2026-10-09T19:01:36+00:00
way,1497212851,34.1345476,-118.0900669,,tennis,,,private,,,,pitch,,,,,,,,,,2026-10-09T19:01:36+00:00
way,1497212852,34.1348942,-118.0902986,,tennis,,,private,,,,pitch,,,,,,,,,,2026-10-09T19:01:36+00:00
way,1497212853,34.1349041,-118.0900429,,tennis,,,private,,,,pitch,,,,,,,,,,2026-10-09T19:01:36+00:00
way,1497212854,34.1349433,-118.0890673,,tennis,,,private,,,,pitch,,,,,,,,,,2026-10-09T19:01:36+00:00
way,1497212855,34.1348774,-118.0839808,,tennis,,,private,,,,pitch,,,,,,,,,,2026-10-09T19:01:36+00:00
way,1497212856,34.1345435,-118.0839801,,tennis,,,private,,,,pitch,,,,,,,,,,2026-10-09T19:01:36+00:00
way,1497233418,34.1345277,-118.0818896,,tennis,,,private,,,,pitch,,,,,,,,,,2026-10-09T19:01:36+00:00
way,1497233419,34.1345271,-118.0821076,,tennis,,,private,,,,pitch,,,,,,,,,,2026-10-09T19:01:36+00:00
way,1497233420,34.1345615,-118.0829341,,tennis,,,private,,,,pitch,,,,,,,,,,2026-10-09T19:01:36+00:00
way,1497233421,34.1347954,-118.0811438,,pickleball,,,private,,,,pitch,,,,,,,,,,2026-10-09T19:01:36+00:00
way,1498064811,34.1080136,-118.1196133,,tennis,,,private,,,,pitch,,,,,,,,,,2026-10-09T19:01:36+00:00
way,1498064812,34.1082287,-118.1196841,,tennis,,,private,,,,pitch,,,,,,,,,,2026-10-09T19:01:36+00:00
way,1498064813,34.1091658,-118.1201649,,tennis,,,private,,,,pitch,,,,,,,,,,2026-10-09T19:01:36+00:00
way,1498064814,34.1082104,-118.1222236,,tennis,,,private,,,,pitch,,,,,,,,,,2026-10-09T19:01:36+00:00
way,1498066739,34.1091604,-118.1276268,,tennis,,,,,,,pitch,,,,,,,,,,2026-10-09T19:01:36+00:00
way,1498069341,34.1332346,-118.0900351,,tennis,,,private,,,,pitch,,,,,,,,,,2026-10-09T19:01:36+00:00
way,1498069342,34.1321615,-118.0894101,,tennis,,,private,,,,pitch,,,,,,,,,,2026-10-09T19:01:36+00:00
way,1498069343,34.1318106,-118.0897915,,tennis,,,private,,,,pitch,,,,,,,,,,2026-10-09T19:01:36+00:00
way,1498069344,34.1303292,-118.0911958,,tennis,,,private,,,,pitch,,,,,,,,,,2026-10-09T19:01:36+00:00
way,1498069345,34.1308132,-118.0914198,,tennis,,,private,,,,pitch,,,,,,,,,,2026-10-09T19:01:36+00:00
way,1498069346,34.1312048,-118.0916085,,tennis,,,private,,,,pitch,,,,,,,,,,2026-10-09T19:01:36+00:00
way,1498069347,34.132663,-118.0927353,,tennis,,,private,,,,pitch,,,,,,,,,,2026-10-09T19:01:36+00:00
way,1498069348,34.13317,-118.0929129,,tennis,,,private,,,,pitch,,,,,,,,,,2026-10-09T19:01:36+00:00
way,1498069349,34.1329884,-118.0920953,,pickleball,,,private,,,,pitch,,,,,,,,,,2026-10-09T19:01:36+00:00
way,1498069456,34.1349285,-118.0911768,,tennis,,,private,,,,pitch,,,,,,,,,,2026-10-09T19:01:36+00:00
way,1498069702,34.1118269,-118.0886357,,tennis,,,private,,,,pitch,,,,,,,,,,2026-10-09T19:01:36+00:00
way,1498070872,34.1308962,-118.0801448,,tennis,,,private,,,,pitch,,,,,,,,,,2026-10-09T19:01:36+00:00
way,1498070873,34.1316168,-118.079933,,tennis,,,private,,,,pitch,,,,,,,,,,2026-10-09T19:01:36+00:00
way,1498070874,34.1316426,-118.0801516,,pickleball,,,private,,,,pitch,,,,,,,,,,2026-10-09T19:01:36+00:00
way,1498070875,34.1331484,-118.0785216,,tennis,,,private,,,,pitch,,,,,,,,,,2026-10-09T19:01:36+00:00
way,1498070876,34.1323082,-118.0801783,,tennis,,,private,,,,pitch,,,,,,,,,,2026-10-09T19:01:36+00:00
way,1498070877,34.1327665,-118.0803591,,tennis,,,private,,,,pitch,,,,,,,,,,2026-10-09T19:01:36+00:00
way,1498070878,34.1331163,-118.0804378,,tennis,,,private,,,,pitch,,,,,,,,,,2026-10-09T19:01:36+00:00
way,1498343500,34.1100977,-118.1594258,,tennis,,,private,,,,pitch,,,,,,,,,,2026-10-09T19:01:36+00:00
way,1498347513,34.127647,-118.0999537,,tennis,,,,,,,pitch,,,,,,,,,,2026-10-09T19:01:36+00:00
way,1498347514,34.1276866,-118.0997584,,tennis,,,,,,,pitch,,,,,,,,,,2026-10-09T19:01:36+00:00
way,1498347515,34.1277241,-118.0995664,,tennis,,,,,,,pitch,,,,,,,,,,2026-10-09T19:01:36+00:00
way,1498347516,34.1277616,-118.0993756,,tennis,,,,,,,pitch,,,,,,,,,,2026-10-09T19:01:36+00:00
way,1498347517,34.1277994,-118.0991833,,tennis,,,,,,,pitch,,,,,,,,,,2026-10-09T19:01:36+00:00
way,1499478658,34.1168793,-118.1156879,,tetherball,asphalt,,,,,,pitch,,,,,,,,,,2026-10-09T19:01:36+00:00
way,1499478659,34.1168246,-118.1156666,,tetherball,asphalt,,,,,,pitch,,,,,,,,,,2026-10-09T19:01:36+00:00
way,1499478660,34.1167692,-118.115646,,tetherball,asphalt,,,,,,pitch,,,,,,,,,,2026-10-09T19:01:36+00:00
way,1499478661,34.1167142,-118.1156261,,tetherball,asphalt,,,,,,pitch,,,,,,,,,,2026-10-09T19:01:36+00:00
way,1502209426,34.1126316,-118.1668309,,tetherball,,,,,,,pitch,,,,,,,,,,2026-10-09T19:01:36+00:00
way,1502209427,34.1126343,-118.1667568,,tetherball,,,,,,,pitch,,,,,,,,,,2026-10-09T19:01:36+00:00
way,1502209428,34.1126363,-118.1666816,,tetherball,,,,,,,pitch,,,,,,,,,,2026-10-09T19:01:36+00:00
way,1502926595,34.1130332,-118.0655236,,tetherball,asphalt,,,,,,pitch,,,,,,,,,,2026-10-09T19:01:36+00:00
way,1502926596,34.113088,-118.0655344,,tetherball,asphalt,,,,,,pitch,,,,,,,,,,2026-10-09T19:01:36+00:00
way,1502926597,34.1131432,-118.065545,,tetherball,asphalt,,,,,,pitch,,,,,,,,,,2026-10-09T19:01:36+00:00
way,1504267331,34.16859,-118.1362263,,tennis,,,,,,,pitch,,,,,,,,,,2026-10-09T19:01:36+00:00
way,1504267332,34.1685917,-118.1360633,,tennis,,,,,,,pitch,,,,,,,,,,2026-10-09T19:01:36+00:00
way,1507301727,34.1264645,-118.0891283,,tetherball,asphalt,,,,,,pitch,,,,,,,,,,2026-10-09T19:01:36+00:00
way,1507301728,34.1265192,-118.0890876,,tetherball,asphalt,,,,,,pitch,,,,,,,,,,2026-10-09T19:01:36+00:00
way,1507301729,34.1265709,-118.0890452,,tetherball,asphalt,,,,,,pitch,,,,,,,,,,2026-10-09T19:01:36+00:00
way,1507301730,34.1266247,-118.0890065,,tetherball,asphalt,,,,,,pitch,,,,,,,,,,2026-10-09T19:01:36+00:00
way,1507301731,34.1266722,-118.0889475,,tetherball,asphalt,,,,,,pitch,,,,,,,,,,2026-10-09T19:01:36+00:00
way,1507301732,34.1266905,-118.0888741,,tetherball,asphalt,,,,,,pitch,,,,,,,,,,2026-10-09T19:01:36+00:00
way,1507301733,34.1267067,-118.0888001,,tetherball,asphalt,,,,,,pitch,,,,,,,,,,2026-10-09T19:01:36+00:00
way,1507301734,34.1268383,-118.0888369,,tetherball,asphalt,,,,,,pitch,,,,,,,,,,2026-10-09T19:01:36+00:00
way,1507301735,34.1268225,-118.0889112,,tetherball,asphalt,,,,,,pitch,,,,,,,,,,2026-10-09T19:01:36+00:00
way,1507301736,34.1268084,-118.0889851,,tetherball,asphalt,,,,,,pitch,,,,,,,,,,2026-10-09T19:01:36+00:00
way,1507301737,34.1267932,-118.0890589,,tetherball,asphalt,,,,,,pitch,,,,,,,,,,2026-10-09T19:01:36+00:00
way,1507301738,34.1267802,-118.0891333,,tetherball,asphalt,,,,,,pitch,,,,,,,,,,2026-10-09T19:01:36+00:00
way,1507301739,34.1267468,-118.0892702,,tetherball,asphalt,,,,,,pitch,,,,,,,,,,2026-10-09T19:01:36+00:00
way,1510764687,34.1111187,-118.1406785,,tennis,,,,,,,pitch,,,,,,,,,,2026-10-09T19:01:36+00:00
way,1510764688,34.1113399,-118.140921,,tennis,,,,,,,pitch,,,,,,,,,,2026-10-09T19:01:36+00:00
way,1510835888,34.1329384,-118.1240978,,tennis,,,,,,,pitch,,,,,,,,,,2026-10-09T19:01:36+00:00
way,1511615472,34.1268017,-118.1193755,,tennis,,,private,,,,pitch,,,,,,,,,,2026-10-09T19:01:36+00:00
way,1511615844,34.1282122,-118.1213069,,tennis,,,private,,,,pitch,,,,,,,,,,2026-10-09T19:01:36+00:00
way,1511615975,34.1262021,-118.1226557,,tennis,,,private,,,,pitch,,,,,,,,,,2026-10-09T19:01:36+00:00
way,1511616196,34.1252994,-118.121955,,tennis,,,private,,,,pitch,,,,,,,,,,2026-10-09T19:01:36+00:00
way,1511616447,34.1245374,-118.1235101,,tennis,,,private,,,,pitch,,,,,,,,,,2026-10-09T19:01:36+00:00
way,1511616448,34.1246038,-118.1238073,,tennis,,,private,,,,pitch,,,,,,,,,,2026-10-09T19:01:36+00:00
way,1511623832,34.1237255,-118.1230132,,tennis,,,private,,,,pitch,,,,,,,,,,2026-10-09T19:01:36+00:00
way,1511624061,34.1192667,-118.1259777,,tennis,,,private,,,,pitch,,,,,,,,,,2026-10-09T19:01:36+00:00
way,1511624823,34.1179973,-118.1269941,,tennis,,,private,,,,pitch,,,,,,,,,,2026-10-09T19:01:36+00:00
way,1511624825,34.1181763,-118.1270865,,tennis,,,private,,,,pitch,,,,,,,,,,2026-10-09T19:01:36+00:00
way,1511624827,34.1178272,-118.1278956,,tennis,,,private,,,,pitch,,,,,,,,,,2026-10-09T19:01:36+00:00
way,1511624829,34.1180455,-118.1281641,,tennis,,,private,,,,pitch,,,,,,,,,,2026-10-09T19:01:36+00:00
way,1511624831,34.1176565,-118.1283213,,tennis,,,private,,,,pitch,,,,,,,,,,2026-10-09T19:01:36+00:00
way,1511624833,34.1175649,-118.1286102,,tennis,,,private,,,,pitch,,,,,,,,,,2026-10-09T19:01:36+00:00
way,1511624835,34.1172732,-118.1298383,,tennis,,,private,,,,pitch,,,,,,,,,,2026-10-09T19:01:36+00:00
way,1511627990,34.1158706,-118.1272039,,tennis,,,private,,,,pitch,,,,,,,,,,2026-10-09T19:01:36+00:00
way,1511627992,34.1154962,-118.1271677,,tennis,,,private,,,,pitch,,,,,,,,,,2026-10-09T19:01:36+00:00
way,1511630563,34.120198,-118.1298601,,tennis,,,private,,,,pitch,,,,,,,,,,2026-10-09T19:01:36+00:00
way,1511630582,34.1231406,-118.1307786,,tennis,,,private,,,,pitch,,,,,,,,,,2026-10-09T19:01:36+00:00
way,1511630680,34.1247105,-118.1292888,,tennis,,,private,,,,pitch,,,,,,,,,,2026-10-09T19:01:36+00:00
way,1511630807,34.1257327,-118.1292715,,tennis,,,private,,,,pitch,,,,,,,,,,2026-10-09T19:01:36+00:00
way,1511631024,34.126283,-118.1283538,,tennis,,,private,,,,pitch,,,,,,,,,,2026-10-09T19:01:36+00:00
way,1511631025,34.1263563,-118.1281766,,tennis,,,private,,,,pitch,,,,,,,,,,2026-10-09T19:01:36+00:00
way,1511631189,34.1269779,-118.128666,,tennis,,,private,,,,pitch,,,,,,,,,,2026-10-09T19:01:36+00:00
way,1511631190,34.127,-118.1282802,,pickleball,,,private,,,,pitch,,,,,,,,,,2026-10-09T19:01:36+00:00
way,1511634196,34.1273994,-118.1300475,,tennis,,,private,,,,pitch,,,,,,,,,,2026-10-09T19:01:36+00:00
way,1511634322,34.127944,-118.1289974,,tennis,,,private,,,,pitch,,,,,,,,,,2026-10-09T19:01:36+00:00
way,1511636914,34.1289716,-118.1274231,,tennis,,,private,,,,pitch,,,,,,,,,,2026-10-09T19:01:36+00:00
way,1511636916,34.1286573,-118.1273283,,tennis,,,private,,,,pitch,,,,,,,,,,2026-10-09T19:01:36+00:00
way,1511636918,34.1290941,-118.1264142,,tennis,,,private,,,,pitch,,,,,,,,,,2026-10-09T19:01:36+00:00
way,1511636920,34.1295108,-118.1264846,,tennis,,,private,,,,pitch,,,,,,,,,,2026-10-09T19:01:36+00:00
way,1511636922,34.1288572,-118.1259886,,tennis,,,private,,,,pitch,,,,,,,,,,2026-10-09T19:01:36+00:00
way,1511636924,34.1302437,-118.126835,,tennis,,,private,,,,pitch,,,,,,,,,,2026-10-09T19:01:36+00:00
way,1511636926,34.1308832,-118.1278708,,tennis,,,private,,,,pitch,,,,,,,,,,2026-10-09T19:01:36+00:00
way,1511639688,34.1301651,-118.1284874,,tennis,,,private,,,,pitch,,,,,,,,,,2026-10-09T19:01:36+00:00
way,1511639759,34.1295979,-118.1303366,,tennis,,,private,,,,pitch,,,,,,,,,,2026-10-09T19:01:36+00:00
way,1511639929,34.1146406,-118.1321664,,tennis,,,,,,,pitch,,,,,,,,,,2026-10-09T19:01:36+00:00
way,1511783733,34.1059455,-118.1150703,,tennis,,,private,,,,pitch,,,,,,,,,,2026-10-09T19:01:36+00:00
way,1511783791,34.1066637,-118.1161951,,tennis,,,private,,,,pitch,,,,,,,,,,2026-10-09T19:01:36+00:00
way,1511784016,34.1091129,-118.1193301,,tennis,,,private,,,,pitch,,,,,,,,,,2026-10-09T19:01:36+00:00
way,1511784084,34.1112532,-118.1132201,,tennis,,,private,,,,pitch,,,,,,,,,,2026-10-09T19:01:36+00:00
way,1511784174,34.1077724,-118.0988598,,tennis,,,private,,,,pitch,,,,,,,,,,2026-10-09T19:01:36+00:00
way,1511784199,34.1092791,-118.0973375,,tennis,,,private,,,,pitch,,,,,,,,,,2026-10-09T19:01:36+00:00
way,1511784284,34.1176332,-118.0893551,,tennis,,,,,,,pitch,,,,,,,,,,2026-10-09T19:01:36+00:00
way,1511784285,34.1176338,-118.0891879,,tennis,,,,,,,pitch,,,,,,,,,,2026-10-09T19:01:36+00:00
way,1511784513,34.1178381,-118.0891716,,tetherball,asphalt,,,,,,pitch,,,,,,,,,,2026-10-09T19:01:36+00:00
way,1511784514,34.1178402,-118.0892559,,tetherball,asphalt,,,,,,pitch,,,,,,,,,,2026-10-09T19:01:36+00:00
way,1511784515,34.11784,-118.089337,,tetherball,asphalt,,,,,,pitch,,,,,,,,,,2026-10-09T19:01:36+00:00
way,1511784516,34.1178391,-118.08942,,tetherball,asphalt,,,,,,pitch,,,,,,,,,,2026-10-09T19:01:36+00:00
way,1511784894,34.1188875,-118.0706154,,pickleball,,,,,,,pitch,,,,,,,,,,2026-10-09T19:01:36+00:00
way,1511784895,34.1189177,-118.0704821,,pickleball,,,,,,,pitch,,,,,,,,,,2026-10-09T19:01:36+00:00
way,1511784896,34.1189404,-118.0703812,,pickleball,,,,,,,pitch,,,,,,,,,,2026-10-09T19:01:36+00:00
way,1511784897,34.1186718,-118.0705624,,pickleball,,,,,,,pitch,,,,,,,,,,2026-10-09T19:01:36+00:00
way,1511784898,34.1186993,-118.0704355,,pickleball,,,,,,,pitch,,,,,,,,,,2026-10-09T19:01:36+00:00
way,1511784899,34.1187278,-118.0703096,,pickleball,,,,,,,pitch,,,,,,,,,,2026-10-09T19:01:36+00:00
way,1511784900,34.1184576,-118.0704954,,pickleball,,,,,,,pitch,,,,,,,,,,2026-10-09T19:01:36+00:00
way,1511784901,34.1184879,-118.0703674,,pickleball,,,,,,,pitch,,,,,,,,,,2026-10-09T19:01:36+00:00
way,1511784902,34.1185153,-118.0702421,,pickleball,,,,,,,pitch,,,,,,,,,,2026-10-09T19:01:36+00:00
way,1512103298,34.1018765,-118.1618351,,tennis,,,private,,,,pitch,,,,,,,,,,2026-10-09T19:01:36+00:00
way,1512103374,34.107138,-118.1482213,,tennis,,,private,,,,pitch,,,,,,,,,,2026-10-09T19:01:36+00:00
way,1512103377,34.1070974,-118.1474277,,tennis,,,private,,,,pitch,,,,,,,,,,2026-10-09T19:01:36+00:00
way,1512307077,34.1264341,-118.1068441,,pickleball,,,private,,,,pitch,,,,,,,,,,2026-10-09T19:01:36+00:00
way,1512782024,34.1366849,-118.1180979,,tennis,,,private,,,,pitch,,,,,,,,,,2026-10-09T19:01:36+00:00
way,1512782026,34.1365597,-118.1184387,,tennis,,,private,,,,pitch,,,,,,,,,,2026-10-09T19:01:36+00:00
way,1512782028,34.1366521,-118.1186547,,tennis,,,private,,,,pitch,,,,,,,,,,2026-10-09T19:01:36+00:00
way,1512782030,34.1366834,-118.119178,,tennis,,,private,,,,pitch,,,,,,,,,,2026-10-09T19:01:36+00:00
way,1512782032,34.1368903,-118.1202033,,tennis,,,private,,,,pitch,,,,,,,,,,2026-10-09T19:01:36+00:00
way,1512782034,34.137242,-118.1206201,,pickleball,,,private,,,,pitch,,,,,,,,,,2026-10-09T19:01:36+00:00
way,1512782035,34.1369511,-118.1185368,,pickleball,,,private,,,,pitch,,,,,,,,,,2026-10-09T19:01:36+00:00
way,1512782036,34.1369542,-118.1178858,,pickleball,,,private,,,,pitch,,,,,,,,,,2026-10-09T19:01:36+00:00
way,1513116723,34.1356184,-118.1125938,,tennis,,,private,,,,pitch,,,,,,,,,,2026-10-09T19:01:36+00:00
way,1513117281,34.1367554,-118.1120816,,tennis,,,private,,,,pitch,,,,,,,,,,2026-10-09T19:01:36+00:00
way,1513126483,34.1134118,-118.1267672,,tennis,,,private,,,,pitch,,,,,,,,,,2026-10-09T19:01:36+00:00
way,1513126484,34.1137115,-118.1267029,,pickleball,,,private,,,,pitch,,,,,,,,,,2026-10-09T19:01:36+00:00
way,1513126485,34.1137036,-118.1269859,,tennis,,,private,,,,pitch,,,,,,,,,,2026-10-09T19:01:36+00:00
way,1513126486,34.1138736,-118.1270749,,tennis,,,private,,,,pitch,,,,,,,,,,2026-10-09T19:01:36+00:00
way,1513126487,34.1155313,-118.1287406,,pickleball,,,private,,,,pitch,,,,,,,,,,2026-10-09T19:01:36+00:00
way,1513126489,34.1207241,-118.1272873,,pickleball,,,private,,,,pitch,,,,,,,,,,2026-10-09T19:01:36+00:00
way,1513126490,34.1169131,-118.1240983,,pickleball,,,private,,,,pitch,,,,,,,,,,2026-10-09T19:01:36+00:00
way,1513126491,34.1332464,-118.1115747,,pickleball,,,private,,,,pitch,,,,,,,,,,2026-10-09T19:01:36+00:00
way,1513126492,34.1349385,-118.1197403,,tennis,,,private,,,,pitch,,,,,,,,,,2026-10-09T19:01:36+00:00
way,1513126495,34.1151991,-118.130475,,tennis,,,private,,,,pitch,,,,,,,,,,2026-10-09T19:01:36+00:00
way,1513126496,34.1155412,-118.1306323,,tennis,,,private,,,,pitch,,,,,,,,,,2026-10-09T19:01:36+00:00
way,1513126500,34.1389262,-118.1181333,,tennis,,,private,,,,pitch,,,,,,,,,,2026-10-09T19:01:36+00:00
way,1513126501,34.1387066,-118.1197554,,pickleball,,,private,,,,pitch,,,,,,,,,,2026-10-09T19:01:36+00:00
way,1513126505,34.1143048,-118.1240784,,tennis,,,private,,,,pitch,,,,,,,,,,2026-10-09T19:01:36+00:00
way,1513126506,34.1138084,-118.1245847,,pickleball,,,private,,,,pitch,,,,,,,,,,2026-10-09T19:01:36+00:00
way,1513126507,34.1141941,-118.1304015,,tennis,,,private,,,,pitch,,,,,,,,,,2026-10-09T19:01:36+00:00
way,1513126509,34.1096713,-118.0930291,,pickleball,,,private,,,,pitch,,,,,,,,,,2026-10-09T19:01:36+00:00
way,1513126511,34.1359317,-118.075479,,pickleball,,,private,,,,pitch,,,,,,,,,,2026-10-09T19:01:36+00:00
way,1513126512,34.1328277,-118.0776277,,tennis,,,private,,,,pitch,,,,,,,,,,2026-10-09T19:01:36+00:00
way,1515001487,34.1236847,-118.1383838,,tennis,,,private,,,,pitch,,,,,,,,,,2026-10-09T19:01:36+00:00
way,1515001488,34.1236843,-118.1383836,,pickleball,,,private,,,,pitch,,,,,,,,,,2026-10-09T19:01:36+00:00
way,1515001490,34.122969,-118.137444,,tennis,,,private,,,,pitch,,,,,,,,,,2026-10-09T19:01:36+00:00
way,1515001491,34.1229599,-118.1371899,,tennis,,,private,,,,pitch,,,,,,,,,,2026-10-09T19:01:36+00:00
way,1516117855,34.1330776,-118.0701768,,tennis,,,private,,,,pitch,,,,,,,,,,2026-10-09T19:01:36+00:00
way,1516117953,34.123339,-118.0525134,,tennis,,,private,,,,pitch,,,,,,,,,,2026-10-09T19:01:36+00:00
way,1516117991,34.1242288,-118.0504165,,tennis,,,private,,,,pitch,,,,,,,,,,2026-10-09T19:01:36+00:00
way,1516161742,34.1747313,-118.0945415,,tennis,,,,,,,pitch,,,,,,,,,,2026-10-09T19:01:36+00:00
way,1516161743,34.1747514,-118.0947223,,tennis,,,,,,,pitch,,,,,,,,,,2026-10-09T19:01:36+00:00
way,1516162008,34.1785161,-118.1074485,,tennis,,,private,,,,pitch,,,,,,,,,,2026-10-09T19:01:36+00:00
way,1516889657,34.1560395,-118.0564266,,tennis,,,private,,,,pitch,,,,,,,,,,2026-10-09T19:01:36+00:00
way,1516889658,34.1563876,-118.0570972,,tennis,,,private,,,,pitch,,,,,,,,,,2026-10-09T19:01:36+00:00
way,1516889659,34.1560061,-118.0581562,,tennis,,,private,,,,pitch,,,,,,,,,,2026-10-09T19:01:36+00:00
way,1516889660,34.1560662,-118.0552613,,tennis,,,private,,,,pitch,,,,,,,,,,2026-10-09T19:01:36+00:00
way,1516889743,34.1546716,-118.0591781,,tennis,,,private,,,,pitch,,,,,,,,,,2026-10-09T19:01:36+00:00
way,1516889837,34.1529628,-118.0570178,,tennis,,,private,,,,pitch,,,,,,,,,,2026-10-09T19:01:36+00:00
way,1516889838,34.1525011,-118.0571568,,tennis,,,private,,,,pitch,,,,,,,,,,2026-10-09T19:01:36+00:00
way,1516889839,34.1521733,-118.057167,,tennis,,,private,,,,pitch,,,,,,,,,,2026-10-09T19:01:36+00:00
way,1516889840,34.1514984,-118.0580893,,tennis,,,private,,,,pitch,,,,,,,,,,2026-10-09T19:01:36+00:00
way,1516889841,34.1512373,-118.0579803,,tennis,,,private,,,,pitch,,,,,,,,,,2026-10-09T19:01:36+00:00
way,1516889842,34.1514779,-118.0590334,,tennis,,,private,,,,pitch,,,,,,,,,,2026-10-09T19:01:36+00:00
way,1516889843,34.1512779,-118.0598417,,tennis,,,private,,,,pitch,,,,,,,,,,2026-10-09T19:01:36+00:00
way,1516889844,34.1515636,-118.0605333,,tennis,,,private,,,,pitch,,,,,,,,,,2026-10-09T19:01:36+00:00
way,1516890152,34.152738,-118.0622242,,tennis,,,private,,,,pitch,,,,,,,,,,2026-10-09T19:01:36+00:00
way,1516890153,34.1531619,-118.0626968,,tennis,,,private,,,,pitch,,,,,,,,,,2026-10-09T19:01:36+00:00
way,1516890154,34.1546891,-118.0632481,,tennis,,,private,,,,pitch,,,,,,,,,,2026-10-09T19:01:36+00:00
way,1516890235,34.1540586,-118.0623705,,tennis,,,private,,,,pitch,,,,,,,,,,2026-10-09T19:01:36+00:00
way,1516890258,34.1559855,-118.0634548,,tennis,,,private,,,,pitch,,,,,,,,,,2026-10-09T19:01:36+00:00
way,1516890259,34.1561193,-118.0629511,,tennis,,,private,,,,pitch,,,,,,,,,,2026-10-09T19:01:36+00:00
way,1516890468,34.1546821,-118.0526488,,tennis,,,private,,,,pitch,,,,,,,,,,2026-10-09T19:01:36+00:00
way,1516890469,34.1528965,-118.0509757,,pickleball,,,private,,,,pitch,,,,,,,,,,2026-10-09T19:01:36+00:00
way,1516890470,34.1525922,-118.0507611,,pickleball,,,private,,,,pitch,,,,,,,,,,2026-10-09T19:01:36+00:00
way,1516890669,34.1560939,-118.0516189,,tennis,,,private,,,,pitch,,,,,,,,,,2026-10-09T19:01:36+00:00
way,1516890670,34.1561885,-118.0510272,,tennis,,,private,,,,pitch,,,,,,,,,,2026-10-09T19:01:36+00:00
way,1516890671,34.1564186,-118.0508757,,tennis,,,private,,,,pitch,,,,,,,,,,2026-10-09T19:01:36+00:00
way,1516895133,34.1742518,-118.0658442,,tennis,,,private,,,,pitch,,,,,,,,,,2026-10-09T19:01:36+00:00
way,1516895212,34.1356276,-118.1026006,,tennis,,,private,,,,pitch,,,,,,,,,,2026-10-09T19:01:36+00:00
way,1516895213,34.1352517,-118.1006957,,pickleball,,,private,,,,pitch,,,,,,,,,,2026-10-09T19:01:36+00:00
way,1516895587,34.131256,-118.135774,,tennis,,,private,,,,pitch,,,,,,,,,,2026-10-09T19:01:36+00:00
way,1516895626,34.1274192,-118.1365172,,tennis,,,private,,,,pitch,,,,,,,,,,2026-10-09T19:01:36+00:00
way,1516895652,34.1223144,-118.1402846,,tennis,,,private,,,,pitch,,,,,,,,,,2026-10-09T19:01:36+00:00
way,1516896048,34.1100809,-118.1448216,,tennis,,,private,,,,pitch,,,,,,,,,,2026-10-09T19:01:36+00:00
way,1516896119,34.1101501,-118.1419079,,tennis,,,private,,,,pitch,,,,,,,,,,2026-10-09T19:01:36+00:00
way,1516896120,34.1102048,-118.1408526,,tennis,,,private,,,,pitch,,,,,,,,,,2026-10-09T19:01:36+00:00
way,1516896343,34.1085275,-118.1388266,,tennis,,,private,,,,pitch,,,,,,,,,,2026-10-09T19:01:36+00:00
way,1516896388,34.1060931,-118.1459117,,tennis,,,private,,,,pitch,,,,,,,,,,2026-10-09T19:01:36+00:00
way,1516896694,34.1097366,-118.1480471,,tennis,,,,,,,pitch,,,,,,,,,,2026-10-09T19:01:36+00:00
way,1516896695,34.1097373,-118.1478934,,tennis,,,,,,,pitch,,,,,,,,,,2026-10-09T19:01:36+00:00
way,1516896698,34.1098156,-118.1493803,,pickleball,,,,,,,pitch,,,,,,,,,,2026-10-09T19:01:36+00:00
way,1516896699,34.1098156,-118.1492988,,pickleball,,,,,,,pitch,,,,,,,,,,2026-10-09T19:01:36+00:00
way,1516896700,34.1098164,-118.1492154,,pickleball,,,,,,,pitch,,,,,,,,,,2026-10-09T19:01:36+00:00
way,1516896701,34.1098156,-118.1491332,,pickleball,,,,,,,pitch,,,,,,,,,,2026-10-09T19:01:36+00:00
way,1516896702,34.1096827,-118.1491326,,pickleball,,,,,,,pitch,,,,,,,,,,2026-10-09T19:01:36+00:00
way,1516896703,34.1096835,-118.1492148,,pickleball,,,,,,,pitch,,,,,,,,,,2026-10-09T19:01:36+00:00
way,1516896704,34.1096827,-118.1492982,,pickleball,,,,,,,pitch,,,,,,,,,,2026-10-09T19:01:36+00:00
way,1516896705,34.1096827,-118.1493797,,pickleball,,,,,,,pitch,,,,,,,,,,2026-10-09T19:01:36+00:00
way,1516896706,34.1095472,-118.1491331,,pickleball,,,,,,,pitch,,,,,,,,,,2026-10-09T19:01:36+00:00
way,1516896707,34.109548,-118.1492153,,pickleball,,,,,,,pitch,,,,,,,,,,2026-10-09T19:01:36+00:00
way,1516896708,34.1095472,-118.1492987,,pickleball,,,,,,,pitch,,,,,,,,,,2026-10-09T19:01:36+00:00
way,1516896709,34.1095472,-118.1493802,,pickleball,,,,,,,pitch,,,,,,,,,,2026-10-09T19:01:36+00:00
way,1516896815,34.1383261,-118.1365909,,pickleball,,,,,,,pitch,,,,,,,,,,2026-10-09T19:01:36+00:00
way,1516896816,34.138165,-118.1365889,,pickleball,,,,,,,pitch,,,,,,,,,,2026-10-09T19:01:36+00:00
way,1516896817,34.1382464,-118.1364253,,tennis,,,,,,,pitch,,,,,,,,,,2026-10-09T19:01:36+00:00
way,1516896818,34.1382476,-118.1362683,,tennis,,,,,,,pitch,,,,,,,,,,2026-10-09T19:01:36+00:00
way,1516896819,34.1382483,-118.1361041,,tennis,,,,,,,pitch,,,,,,,,,,2026-10-09T19:01:36+00:00
way,1516897565,34.1056322,-118.0502427,,tennis,,,private,,,,pitch,,,,,,,,,,2026-10-09T19:01:36+00:00
way,1516901674,34.1156888,-118.0545088,,tennis,,,private,,,,pitch,,,,,,,,,,2026-10-09T19:01:36+00:00
way,1523559920,34.1248819,-118.1556572,,tennis,,,private,,,,pitch,,,,,,,,,,2026-10-09T19:01:36+00:00
way,1524511902,34.1222588,-118.1520721,,pickleball,,,private,,,,pitch,,,,,,,,,,2026-10-09T19:01:36+00:00
way,1524511938,34.1232497,-118.1535534,,tennis,,,private,,,,pitch,,,,,,,,,,2026-10-09T19:01:36+00:00
way,1524512809,34.1514098,-118.0628816,,tennis,,,private,,,,pitch,,,,,,,,,,2026-10-09T19:01:36+00:00
way,1524512810,34.1512127,-118.0644704,,pickleball,,,private,,,,pitch,,,,,,,,,,2026-10-09T19:01:36+00:00
way,1524512811,34.1527733,-118.0646302,,tennis,,,private,,,,pitch,,,,,,,,,,2026-10-09T19:01:36+00:00
way,1524513612,34.1479692,-118.0597417,,tennis,,,private,,,,pitch,,,,,,,,,,2026-10-09T19:01:36+00:00
way,1524513613,34.1466805,-118.0565544,,tennis,,,private,,,,pitch,,,,,,,,,,2026-10-09T19:01:36+00:00
way,1524513614,34.1480791,-118.0562056,,pickleball,,,private,,,,pitch,,,,,,,,,,2026-10-09T19:01:36+00:00
way,1524513617,34.1448384,-118.0599933,,tennis,,,private,,,,pitch,,,,,,,,,,2026-10-09T19:01:36+00:00
way,1534407102,34.1414563,-118.1066181,,tetherball,asphalt,,,,,,pitch,,,,,,,,,,2026-10-09T19:01:36+00:00
way,1534407103,34.1413887,-118.1066187,,tetherball,asphalt,,,,,,pitch,,,,,,,,,,2026-10-09T19:01:36+00:00
way,1534407109,34.1416855,-118.1074788,,tetherball,,,,,,,pitch,,,,,,,,,,2026-10-09T19:01:36+00:00
way,1534407110,34.1416852,-118.1075481,,tetherball,,,,,,,pitch,,,,,,,,,,2026-10-09T19:01:36+00:00
way,1539164767,34.1214246,-118.136183,,tennis,,,private,,,,pitch,,,,,,,,,,2026-10-09T19:01:36+00:00
way,1551717708,34.1093952,-118.1462939,,tetherball,,,,,,,pitch,,,,,,,,,,2026-10-09T19:01:36+00:00
way,1551717709,34.1093298,-118.1462937,,tetherball,,,,,,,pitch,,,,,,,,,,2026-10-09T19:01:36+00:00
way,1551717710,34.1092631,-118.146293,,tetherball,,,,,,,pitch,,,,,,,,,,2026-10-09T19:01:36+00:00
way,1552473805,34.1149831,-118.1601375,,tennis,,,,,,,pitch,,,,,,,,,,2026-10-09T19:01:36+00:00
way,1552473806,34.1149859,-118.15994,,tennis,,,,,,,pitch,,,,,,,,,,2026-10-09T19:01:36+00:00
way,1552504345,34.1415557,-118.1647488,,tennis,,,private,,,,pitch,,,,,,,,,,2026-10-09T19:01:36+00:00
way,1552521765,34.1365506,-118.1612995,,tennis,,,private,,,,pitch,,,,,,,,,,2026-10-09T19:01:36+00:00
way,1552522025,34.1337896,-118.16423,,tennis,,,private,,,,pitch,,,,,,,,,,2026-10-09T19:01:36+00:00
way,1552522228,34.1499678,-118.1580189,,tennis,,,private,,,,pitch,,,,,,,,,,2026-10-09T19:01:36+00:00
way,1552522291,34.1556883,-118.1632207,,tennis,,,private,,,,pitch,,,,,,,,,,2026-10-09T19:01:36+00:00
way,1552907813,34.1001087,-118.061313,,tetherball,asphalt,,,,,,pitch,,,,,,,,,,2026-10-09T19:01:36+00:00
way,1552907814,34.1000497,-118.0612981,,tetherball,asphalt,,,,,,pitch,,,,,,,,,,2026-10-09T19:01:36+00:00
relation,12463101,34.1047514,-118.1878966,,tennis,,,,,,,pitch,,,,,,,,,,2026-10-09T19:01:36+00:00
relation,12463102,34.1053159,-118.1858937,,tennis,,,,,,,pitch,,,,,,,,,,2026-10-09T19:01:36+00:00
