osm_type,osm_id,name,kind,minlat,minlon,maxlat,maxlon,extracted_at
relation,7229448,Ernest E. Debs Regional Park,leisure=park,34.0854037,-118.2021698,34.1039094,-118.187152,2026-10-09T19:07:04+00:00
way,29111515,Cloverly Elementary School,amenity=school,34.0988019,-118.0623967,34.1002833,-118.0603453,2026-10-09T19:07:04+00:00
way,29196678,Saint Lukes School,amenity=school,34.0999349,-118.0642694,34.1025802,-118.0625572,2026-10-09T19:07:04+00:00
way,30860198,San Gabriel Academy,amenity=school,34.0991141,-118.0779245,34.1009941,-118.0757684,2026-10-09T19:07:04+00:00
way,59518624,Story Park,leisure=park,34.099374,-118.1260322,34.1005921,-118.124569,2026-10-09T19:07:04+00:00
way,1351428387,Garfield Elementary School,amenity=school,34.0997635,-118.1336635,34.1015233,-118.1317645,2026-10-09T19:07:04+00:00
way,196873161,Scholl Canyon Golf Course,leisure=golf_course,34.1575996,-118.2031927,34.1617769,-118.1936378,2026-10-09T19:07:04+00:00
way,219614958,Chevy Chase Country Club,leisure=golf_course,34.1699502,-118.2049911,34.1753372,-118.1995717,2026-10-09T19:07:04+00:00
way,487081470,Emerald Isle Park,leisure=park,34.1794116,-118.2022481,34.1815452,-118.1999562,2026-10-09T19:07:04+00:00
way,625386354,Lower Scholl Canyon Park,leisure=park,34.15305,-118.2015855,34.1545407,-118.1998076,2026-10-09T19:07:04+00:00
way,911282517,Highland Park Continuation School,amenity=school,34.1152774,-118.2016757,34.1170913,-118.199252,2026-10-09T19:07:04+00:00
way,949870101,Sycamore Grove School,amenity=school,34.1014828,-118.2013386,34.1024704,-118.1999257,2026-10-09T19:07:04+00:00
way,4263495,Richard Alatorre Park,leisure=park,34.1431281,-118.1847555,34.1442505,-118.1841701,2026-10-09T19:07:04+00:00
way,4354434,San Pascual Park,leisure=park,34.1177924,-118.1701499,34.1210729,-118.1672991,2026-10-09T19:07:04+00:00
way,5208863,Rose Bowl Stadium,leisure=stadium,34.1600987,-118.1690885,34.162542,-118.1664624,2026-10-09T19:07:04+00:00
way,24852835,Washington Elementary School,amenity=school,34.1062466,-118.1040269,34.1077194,-118.1020088,2026-10-09T19:07:04+00:00
way,25668124,"The Huntington Library, Art Collections, and Botanical Gardens",leisure=garden,34.1234429,-118.1200607,34.132869,-118.1088615,2026-10-09T19:07:04+00:00
way,29090805,Temple City High School,amenity=school,34.1170843,-118.0674583,34.1209314,-118.0631771,2026-10-09T19:07:04+00:00
way,29090903,Oak Avenue Intermediate School,amenity=school,34.1178152,-118.0717662,34.1195981,-118.0677814,2026-10-09T19:07:04+00:00
way,29090997,Longden Elementary School,amenity=school,34.1119285,-118.0665444,34.1136761,-118.0630516,2026-10-09T19:07:04+00:00
way,29092492,Wilson Elementary School,amenity=school,34.1171484,-118.0902394,34.1183126,-118.0879891,2026-10-09T19:07:04+00:00
way,29111127,Polytechnic School,amenity=school,34.1310869,-118.1296425,34.1358005,-118.1280422,2026-10-09T19:07:04+00:00
way,29111188,California Institute of Technology,amenity=university,34.1324218,-118.1292759,34.1417441,-118.1214075,2026-10-09T19:07:04+00:00
way,29111275,Pasadena City College,amenity=college,34.1420128,-118.1212193,34.1458678,-118.1157499,2026-10-09T19:07:04+00:00
way,29145582,Temple City Park,leisure=park,34.1072924,-118.057761,34.1082731,-118.0566791,2026-10-09T19:07:04+00:00
way,29148942,Coolidge Elementary School,amenity=school,34.1084127,-118.1135668,34.1097323,-118.1116491,2026-10-09T19:07:04+00:00
way,29186972,Arroyo Park,leisure=park,34.1183752,-118.1677024,34.1226712,-118.1656851,2026-10-09T19:07:04+00:00
way,30062417,Wilson Intermediate School,amenity=school,34.139666,-118.0814755,34.1421785,-118.0789724,2026-10-09T19:07:04+00:00
way,30062430,Willard Elementary School,amenity=school,34.140538,-118.0841737,34.1421364,-118.0816183,2026-10-09T19:07:04+00:00
way,30520208,Pasadena High School,amenity=school,34.1601181,-118.0983503,34.164009,-118.0899609,2026-10-09T19:07:04+00:00
way,30520488,Victory Park,leisure=park,34.1593788,-118.09838,34.1616172,-118.0938636,2026-10-09T19:07:04+00:00
way,30687627,Michillinda Park,leisure=park,34.1307339,-118.0711201,34.1314345,-118.0695172,2026-10-09T19:07:04+00:00
way,30687773,Hugo Reid School,amenity=school,34.1376949,-118.0675464,34.1403576,-118.0660741,2026-10-09T19:07:04+00:00
way,30794584,Pasadena Memorial Park,leisure=park,34.1477104,-118.1487863,34.1494539,-118.1470525,2026-10-09T19:07:04+00:00
way,30794599,Blair High School,amenity=school,34.1207772,-118.1470958,34.1274426,-118.1423596,2026-10-09T19:07:04+00:00
way,30802579,Eaton Sunnyslope Park,leisure=park,34.1586002,-118.0891711,34.1593744,-118.0878236,2026-10-09T19:07:04+00:00
way,30929924,Brookside Park,leisure=park,34.1504138,-118.1662366,34.1571488,-118.1630909,2026-10-09T19:07:04+00:00
way,31226073,Eaton Canyon Golf Course,leisure=golf_course,34.1618217,-118.0865347,34.1706091,-118.0776254,2026-10-09T19:07:04+00:00
way,31226163,Hamilton Park,leisure=park,34.1623211,-118.0758248,34.1641114,-118.0741604,2026-10-09T19:07:04+00:00
way,31226198,La Salle College Preparatory,amenity=school,34.1604251,-118.0717632,34.1615631,-118.0680896,2026-10-09T19:07:04+00:00
way,31226310,Eugene Field Elementary School,amenity=school,34.1592805,-118.0772658,34.1614762,-118.0756042,2026-10-09T19:07:04+00:00
way,38510053,Garfield Park,leisure=park,34.115573,-118.1476333,34.1188523,-118.1456856,2026-10-09T19:07:04+00:00
way,39978835,Gwinn Park,leisure=park,34.1575853,-118.0892292,34.1584433,-118.0875678,2026-10-09T19:07:04+00:00
way,41141089,South Pasadena High School,amenity=school,34.1071416,-118.1575878,34.1109357,-118.1532389,2026-10-09T19:07:04+00:00
way,41599406,Tennis Courts,leisure=sports_centre,34.1179257,-118.1464818,34.1182731,-118.1460956,2026-10-09T19:07:04+00:00
way,41742628,Orange Grove Park,leisure=park,34.114796,-118.1609242,34.1155941,-118.1601739,2026-10-09T19:07:04+00:00
way,42591096,Lacy Park,leisure=park,34.1186254,-118.1251823,34.1215582,-118.1195772,2026-10-09T19:07:04+00:00
way,43070193,Singer Park,leisure=park,34.1346372,-118.1568067,34.1356893,-118.1556298,2026-10-09T19:07:04+00:00
way,43071461,The Langham Huntington,tourism=hotel,34.1192109,-118.1352071,34.1222522,-118.1321852,2026-10-09T19:07:04+00:00
way,43668499,Westridge School,amenity=school,34.1258026,-118.1581128,34.1275296,-118.1552826,2026-10-09T19:07:04+00:00
way,44634950,Braun Athletic Center,leisure=sports_centre,34.1336279,-118.1278031,34.1341552,-118.1271715,2026-10-09T19:07:04+00:00
way,44710337,Central Park,leisure=park,34.1406752,-118.1503402,34.1434795,-118.1489855,2026-10-09T19:07:04+00:00
way,44922810,South Pasadena Middle School,amenity=school,34.107845,-118.1502569,34.1099291,-118.1476073,2026-10-09T19:07:04+00:00
way,45845991,Arroyo Vista Elementary School,amenity=school,34.1123854,-118.1674836,34.1139865,-118.1663441,2026-10-09T19:07:04+00:00
way,49248607,Hotel Dena,tourism=hotel,34.1428733,-118.145155,34.1430393,-118.1432845,2026-10-09T19:07:04+00:00
way,56155644,San Pascual Elementary School,amenity=school,34.1184308,-118.17318,34.1196843,-118.1715035,2026-10-09T19:07:04+00:00
way,59996074,John Muir High School,amenity=school,34.1767425,-118.1668837,34.1807742,-118.1597649,2026-10-09T19:07:04+00:00
way,70943563,Altadena Golf Course,leisure=golf_course,34.1795778,-118.1216738,34.1858167,-118.1174019,2026-10-09T19:07:04+00:00
way,70993504,Mount Lowe Park,leisure=park,34.1960844,-118.1283442,34.1982616,-118.1259648,2026-10-09T19:07:04+00:00
way,71187552,Odyssey Charter School,amenity=school,34.1989292,-118.1617337,34.2010135,-118.1600069,2026-10-09T19:07:04+00:00
way,71188128,Sacred Heart School,amenity=school,34.1950077,-118.1606765,34.1962499,-118.1589686,2026-10-09T19:07:04+00:00
way,71275034,Flintridge Preparatory School,amenity=school,34.1973664,-118.1857042,34.1991757,-118.1835677,2026-10-09T19:07:04+00:00
way,71354221,Franklin Elementary School,amenity=school,34.1914934,-118.1613774,34.1933294,-118.159425,2026-10-09T19:07:04+00:00
way,71366841,La Pintoresca Park,leisure=park,34.1689473,-118.1505564,34.1701395,-118.1492003,2026-10-09T19:07:04+00:00
way,78331662,Marengo Elementary School,amenity=school,34.1085432,-118.1466721,34.1104192,-118.1456106,2026-10-09T19:07:04+00:00
way,84832004,Eagle Rock Recreation Center,leisure=park,34.1397052,-118.1896417,34.1437011,-118.1861004,2026-10-09T19:07:04+00:00
way,87247172,Rose & Crown Hotel,tourism=hotel,34.1460787,-118.1260106,34.1464452,-118.1255478,2026-10-09T19:07:04+00:00
way,96082594,Travelodge,tourism=hotel,34.1462193,-118.1066073,34.1467141,-118.1063347,2026-10-09T19:07:04+00:00
way,101206888,Hutto-Patterson Gymnasium,leisure=sports_centre,34.1430999,-118.1187623,34.1434187,-118.1175491,2026-10-09T19:07:04+00:00
way,101206954,Howard Johnsons,tourism=hotel,34.1461549,-118.117697,34.1465783,-118.1173703,2026-10-09T19:07:04+00:00
way,105022497,San Marino High School,amenity=school,34.1244729,-118.1002693,34.1290679,-118.0971027,2026-10-09T19:07:04+00:00
way,105080861,Tripolis Park,leisure=park,34.1281596,-118.0610719,34.1285139,-118.0605602,2026-10-09T19:07:04+00:00
way,107437177,Lindaraka Park,leisure=park,34.1004962,-118.1212868,34.1013275,-118.1202986,2026-10-09T19:07:04+00:00
way,108596020,Walden School,amenity=school,34.1445086,-118.0944765,34.1450791,-118.0937976,2026-10-09T19:07:04+00:00
way,112582252,Pasadena Unified School District Offices,amenity=school,34.1387343,-118.1350787,34.1402962,-118.1339403,2026-10-09T19:07:04+00:00
way,112582253,McKinley School,amenity=school,34.137369,-118.136758,34.1402979,-118.1352597,2026-10-09T19:07:04+00:00
way,133805207,McDonald Park,leisure=park,34.1616616,-118.1282071,34.1633797,-118.1269031,2026-10-09T19:07:04+00:00
way,140620925,Building 950,amenity=college,34.1286271,-118.1486357,34.1297932,-118.1481342,2026-10-09T19:07:04+00:00
way,156466447,Los Angeles County Arboretum,leisure=park,34.1383039,-118.0597385,34.1481886,-118.0502869,2026-10-09T19:07:04+00:00
way,164247879,Charles S. Farnsworth Park,leisure=park,34.1992099,-118.1355302,34.2021099,-118.1309872,2026-10-09T19:07:04+00:00
way,166979335,South Pasadena Library Park,leisure=park,34.1136815,-118.1562805,34.1146918,-118.1552724,2026-10-09T19:07:04+00:00
way,172351434,Altadena Elementary School,amenity=school,34.1846418,-118.1360574,34.1862303,-118.1339799,2026-10-09T19:07:04+00:00
way,172351677,Charles W. Eliot Arts Magnet Academy,amenity=school,34.1821455,-118.1315233,34.1838695,-118.1286855,2026-10-09T19:07:04+00:00
way,172356271,Saint Elizabeth School,amenity=school,34.1771916,-118.1317814,34.1777864,-118.1297415,2026-10-09T19:07:04+00:00
way,173309711,Southwestern Academy,amenity=school,34.1142473,-118.1335006,34.1161671,-118.1310188,2026-10-09T19:07:04+00:00
way,173448290,Octavia E Butler Magnet DL STEAM Middle School,amenity=school,34.1710588,-118.1490871,34.1744956,-118.1462172,2026-10-09T19:07:04+00:00
way,174669219,South Pasadena Woodland and Wildlife Park,leisure=park,34.1121779,-118.1762868,34.1130639,-118.1738823,2026-10-09T19:07:04+00:00
way,181582593,Arlington Garden,leisure=garden,34.1283742,-118.1563667,34.1290497,-118.154847,2026-10-09T19:07:04+00:00
way,181587963,K.L. Carver Elementary School,amenity=school,34.1248399,-118.0906331,34.1273453,-118.0883972,2026-10-09T19:07:04+00:00
way,181587971,Hamilton Elementary School,amenity=school,34.1408732,-118.1082301,34.1419351,-118.106262,2026-10-09T19:07:04+00:00
way,181589011,Emperor Elementary School,amenity=school,34.1153048,-118.0805585,34.1165797,-118.0781311,2026-10-09T19:07:04+00:00
way,181589012,Clairbourn School,amenity=school,34.1270593,-118.0873612,34.1286815,-118.0839877,2026-10-09T19:07:04+00:00
way,183818047,Art Center College of Design,amenity=university,34.1675387,-118.1856939,34.1699358,-118.1845009,2026-10-09T19:07:04+00:00
way,192313117,Mayfield Junior School,amenity=school,34.1380479,-118.1440954,34.1396115,-118.1429828,2026-10-09T19:07:04+00:00
way,192856966,iTennis Pasadena,leisure=sports_centre,34.1421945,-118.1250778,34.1425239,-118.124678,2026-10-09T19:07:04+00:00
way,192856969,Grant Park,leisure=park,34.1417388,-118.1259218,34.1425732,-118.1245699,2026-10-09T19:07:04+00:00
way,193245415,Throop Memorial Garden,leisure=garden,34.1366141,-118.1253776,34.137142,-118.124977,2026-10-09T19:07:04+00:00
way,196873674,Annandale Country Club,leisure=golf_course,34.141449,-118.182146,34.1534859,-118.1713285,2026-10-09T19:07:04+00:00
way,203052365,Rose Garden,leisure=garden,34.1189107,-118.1241219,34.1193226,-118.1235539,2026-10-09T19:07:04+00:00
way,203052385,San Marino Tennis Club,leisure=sports_centre,34.1207621,-118.1248325,34.1211215,-118.123501,2026-10-09T19:07:04+00:00
way,205690233,Luther Burbank Middle School,amenity=school,34.1168466,-118.1835678,34.1200667,-118.1809037,2026-10-09T19:07:04+00:00
way,205690234,Garvanza Park,leisure=park,34.1189517,-118.1819342,34.1200667,-118.1789525,2026-10-09T19:07:04+00:00
way,205691281,Garvanza Elementary School,amenity=school,34.1167635,-118.183415,34.1183815,-118.1821794,2026-10-09T19:07:04+00:00
way,205691636,Annandale Elementary School,amenity=school,34.1282543,-118.1876276,34.1291866,-118.1856209,2026-10-09T19:07:04+00:00
way,205691638,Rockdale Elementary School,amenity=school,34.1330364,-118.1950082,34.1345421,-118.193618,2026-10-09T19:07:04+00:00
way,205691810,Lanark/Shelby Mini Park,leisure=park,34.1351286,-118.1876886,34.1356151,-118.1872353,2026-10-09T19:07:04+00:00
way,205692152,Monte Vista Elementary School,amenity=school,34.1099388,-118.1988702,34.1111607,-118.1972506,2026-10-09T19:07:04+00:00
way,209720642,Pasadena Ice Skating Center,leisure=sports_centre,34.1431954,-118.1436414,34.1437659,-118.1431962,2026-10-09T19:07:04+00:00
way,209720643,Pasadena Conference Center,amenity=community_centre,34.1439302,-118.1437997,34.1444185,-118.143046,2026-10-09T19:07:04+00:00
way,209720644,Pasadena Convention Center - Hall C,amenity=community_centre,34.1430325,-118.1446284,34.1435771,-118.1439783,2026-10-09T19:07:04+00:00
way,209720649,"Pasadena Convention Center - A, B and Ballroom",amenity=community_centre,34.1431494,-118.1457898,34.1444163,-118.1447277,2026-10-09T19:07:04+00:00
way,215988639,Saint Philip School,amenity=school,34.1430239,-118.1217521,34.143306,-118.1214992,2026-10-09T19:07:04+00:00
way,216267961,Rose Bowl Aquatics Center,leisure=sports_centre,34.1509566,-118.1648992,34.1518283,-118.163877,2026-10-09T19:07:04+00:00
way,218402562,Highland Park Recreation Center,leisure=park,34.1121366,-118.1892427,34.1137785,-118.1866613,2026-10-09T19:07:04+00:00
way,229509858,Best Western Pasadena Inn,tourism=hotel,34.1457292,-118.0774677,34.1461226,-118.0765719,2026-10-09T19:07:04+00:00
way,234948763,Brenner Park,leisure=park,34.1604481,-118.156635,34.1617275,-118.1549628,2026-10-09T19:07:04+00:00
way,255627147,The Waverly Lower School,amenity=school,34.1384217,-118.1520974,34.1389569,-118.1516149,2026-10-09T19:07:04+00:00
way,255627148,The Waverly Middle and Upper School,amenity=school,34.139087,-118.1532601,34.1395595,-118.1524362,2026-10-09T19:07:04+00:00
way,264249478,Scott Gym,leisure=sports_centre,34.1337082,-118.1284584,34.1340546,-118.1280999,2026-10-09T19:07:04+00:00
way,264249479,Gamble Gym,leisure=sports_centre,34.1332371,-118.128458,34.1337089,-118.1281006,2026-10-09T19:07:04+00:00
way,272241914,Food Garden,leisure=garden,34.1970155,-118.1647245,34.197163,-118.1645837,2026-10-09T19:07:04+00:00
way,272241915,Marcy's Vegetable Garden,leisure=garden,34.1971307,-118.1637974,34.1973022,-118.1636937,2026-10-09T19:07:04+00:00
way,272241916,Bev's Vegetable Garden,leisure=garden,34.1966696,-118.1640721,34.1967944,-118.1639711,2026-10-09T19:07:04+00:00
way,272241917,Bev's Native Garden,leisure=garden,34.1967034,-118.1643285,34.1968184,-118.1641496,2026-10-09T19:07:04+00:00
way,272242287,Marcy's Garden,leisure=garden,34.1972213,-118.1641273,34.1973159,-118.164011,2026-10-09T19:07:04+00:00
way,272243318,Vegetable Garden,leisure=garden,34.196687,-118.1648783,34.1967688,-118.1647973,2026-10-09T19:07:04+00:00
way,280325245,Villa Park,leisure=park,34.1542157,-118.1441358,34.1567099,-118.1421607,2026-10-09T19:07:04+00:00
way,296359965,Madison Elementary School,amenity=school,34.1587555,-118.1414633,34.1596046,-118.138937,2026-10-09T19:07:04+00:00
way,297298577,Sequoyah School,amenity=school,34.1358585,-118.1554151,34.1369445,-118.1541673,2026-10-09T19:07:04+00:00
way,301165196,Allendale Park,leisure=park,34.1256675,-118.1456339,34.1265592,-118.1441266,2026-10-09T19:07:04+00:00
way,309857824,San Gabriel Christian School,amenity=school,34.1035309,-118.0934398,34.1051328,-118.0923698,2026-10-09T19:07:04+00:00
way,311215860,Gerrish Swim and Tennis Club,leisure=sports_centre,34.1733622,-118.0949459,34.1749132,-118.0939314,2026-10-09T19:07:04+00:00
way,311215861,High Point,amenity=school,34.1734504,-118.0928593,34.1753645,-118.0912302,2026-10-09T19:07:04+00:00
way,312371366,Saint Andrew School,amenity=school,34.1499738,-118.150362,34.150321,-118.1495353,2026-10-09T19:07:04+00:00
way,360892419,Courtyard,tourism=hotel,34.1483785,-118.1503897,34.1490507,-118.1497625,2026-10-09T19:07:04+00:00
way,414570630,Charles White Park,leisure=park,34.1875283,-118.1536178,34.1892601,-118.1516091,2026-10-09T19:07:04+00:00
way,423010402,Rose Bowl Motel,tourism=hotel,34.1396366,-118.1989138,34.139912,-118.1987832,2026-10-09T19:07:04+00:00
way,428954676,Longfellow Elementary School,amenity=school,34.1691112,-118.1295256,34.1705398,-118.127351,2026-10-09T19:07:04+00:00
way,439093118,Westin Pasadena,tourism=hotel,34.148564,-118.1422039,34.1494092,-118.1416319,2026-10-09T19:07:04+00:00
way,440804935,Highland Park Adult Senior Citizen Center,amenity=community_centre,34.1138032,-118.1858138,34.1151083,-118.1833907,2026-10-09T19:07:04+00:00
way,440804936,Highland Park,leisure=park,34.1150784,-118.1844854,34.1152916,-118.1840883,2026-10-09T19:07:04+00:00
way,440817583,Eddie Park,leisure=park,34.1089562,-118.1421786,34.1094521,-118.1413309,2026-10-09T19:07:04+00:00
way,442693690,Orange Grove Park,leisure=park,34.1562444,-118.0529391,34.1570212,-118.0513566,2026-10-09T19:07:04+00:00
way,450178995,Building 1111,amenity=college,34.1276873,-118.147836,34.1283178,-118.1474873,2026-10-09T19:07:04+00:00
way,450179505,Pasadena Lawn Bowling Club and Croquet Club,leisure=sports_centre,34.1414277,-118.1494482,34.1415318,-118.1492622,2026-10-09T19:07:04+00:00
way,457601436,Residence Inn,tourism=hotel,34.1497803,-118.1510941,34.1507389,-118.1506981,2026-10-09T19:07:04+00:00
way,458800782,Building 870,amenity=college,34.1313476,-118.148623,34.1317338,-118.1481427,2026-10-09T19:07:04+00:00
way,460125589,Green Tree Pasadena Inn,tourism=hotel,34.1387332,-118.1472225,34.1391883,-118.146627,2026-10-09T19:07:04+00:00
way,466829048,Ramada Pasadena,tourism=hotel,34.1454272,-118.1061299,34.1459216,-118.1055494,2026-10-09T19:07:04+00:00
way,466830254,Hyland Inn,tourism=hotel,34.1454169,-118.1000391,34.1459565,-118.0995515,2026-10-09T19:07:04+00:00
way,467065960,Holiday Inn Express & Suites Pasadena - Los Angeles,tourism=hotel,34.1452024,-118.0783994,34.1456348,-118.0779634,2026-10-09T19:07:04+00:00
way,467067692,Viña Vieja Park,leisure=park,34.1560237,-118.0872314,34.1584127,-118.0856477,2026-10-09T19:07:04+00:00
way,468517521,Tournament Park,leisure=park,34.1324455,-118.1258219,34.1334411,-118.125244,2026-10-09T19:07:04+00:00
way,468541408,Palm Garden,leisure=garden,34.1259919,-118.1115808,34.127113,-118.1102516,2026-10-09T19:07:04+00:00
way,469223341,Sierra Madre Memorial Park,leisure=park,34.1606807,-118.0578769,34.1617923,-118.0566454,2026-10-09T19:07:04+00:00
way,470140363,Fairview Avenue Park,leisure=park,34.128016,-118.051587,34.129135,-118.0512008,2026-10-09T19:07:04+00:00
way,471450719,Best Western Pasadena Royale,tourism=hotel,34.1456319,-118.0763748,34.1461239,-118.0758294,2026-10-09T19:07:04+00:00
way,471771830,Altadena Community Center,amenity=community_centre,34.1896476,-118.1336349,34.1898893,-118.1331641,2026-10-09T19:07:04+00:00
way,471784786,FSHA,amenity=school,34.1799307,-118.1871108,34.1805097,-118.1863883,2026-10-09T19:07:04+00:00
way,474949666,Sidney F. Tyler Park,leisure=park,34.13275,-118.1325665,34.1338812,-118.1323291,2026-10-09T19:07:04+00:00
way,474950468,Jefferson Park,leisure=park,34.1544555,-118.1198303,34.1553547,-118.1178262,2026-10-09T19:07:04+00:00
way,474950475,Robinson Park,leisure=park,34.1624697,-118.1520689,34.1650604,-118.1507756,2026-10-09T19:07:04+00:00
way,474950486,Washington Park,leisure=park,34.1673315,-118.1370649,34.1688944,-118.1354519,2026-10-09T19:07:04+00:00
way,474953117,Defenders Park,leisure=park,34.1458839,-118.1617393,34.1463229,-118.1609887,2026-10-09T19:07:04+00:00
way,493521469,San Rafael Park,leisure=park,34.1403484,-118.1777839,34.1408545,-118.1766229,2026-10-09T19:07:04+00:00
way,502112919,Pasadena Christian School,amenity=school,34.1709732,-118.1438426,34.1725126,-118.1417334,2026-10-09T19:07:04+00:00
way,513457474,William Carey International University,amenity=college,34.171441,-118.1202632,34.1737045,-118.116995,2026-10-09T19:07:04+00:00
way,538593701,La Cañada High School,amenity=school,34.1894285,-118.1815739,34.1952924,-118.177986,2026-10-09T19:07:04+00:00
way,544153466,Daniel Webster Elementary School,amenity=school,34.1692522,-118.1079778,34.1702176,-118.1059152,2026-10-09T19:07:04+00:00
way,550979155,Defenders Park,leisure=park,34.1451231,-118.162855,34.1456543,-118.160723,2026-10-09T19:07:04+00:00
way,559566809,Tierra de la Culebra Park,leisure=park,34.1061301,-118.192874,34.1066197,-118.19241,2026-10-09T19:07:04+00:00
way,562566745,Thurgood Marshal Secondary School,amenity=school,34.1623865,-118.1130204,34.1640527,-118.1090139,2026-10-09T19:07:04+00:00
way,562631497,Legion Park,leisure=park,34.1210013,-118.1508182,34.1226216,-118.150418,2026-10-09T19:07:04+00:00
way,562631498,Oakland Community Garden,leisure=garden,34.152382,-118.1406882,34.1525477,-118.1399919,2026-10-09T19:07:04+00:00
way,563743461,Wrigley Gardens,leisure=garden,34.139432,-118.1605937,34.1397638,-118.1603161,2026-10-09T19:07:04+00:00
way,576068272,"ArtCenter College of Design South Campus (Buildings 870, 950, and 1111)",amenity=college,34.1276019,-118.148641,34.1317338,-118.1474136,2026-10-09T19:07:04+00:00
way,595661910,Flint Canyon Tennis Club,leisure=sports_centre,34.187982,-118.1829167,34.1895506,-118.1811199,2026-10-09T19:07:04+00:00
way,806561147,Playhouse Village Park,leisure=park,34.1473785,-118.1368287,34.1480155,-118.1354334,2026-10-09T19:07:04+00:00
way,835393428,San Gabriel Country Club,leisure=golf_course,34.1033086,-118.0997174,34.1134224,-118.0912701,2026-10-09T19:07:04+00:00
way,853191193,Desiderio Neighborhood Park,leisure=park,34.1435837,-118.1654053,34.1451462,-118.1634331,2026-10-09T19:07:04+00:00
way,911094183,Milagro Allegro Community Garden,leisure=garden,34.1084377,-118.1935228,34.1087773,-118.1929917,2026-10-09T19:07:04+00:00
way,911282519,Franklin High School,amenity=school,34.1144952,-118.1990651,34.1174873,-118.1973624,2026-10-09T19:07:04+00:00
way,919773526,Richard Riordan Primary Center,amenity=school,34.1106735,-118.1975412,34.1116749,-118.1959272,2026-10-09T19:07:04+00:00
way,919773531,Monte Vista Early Education Center,amenity=school,34.1114169,-118.1982998,34.1126265,-118.1973478,2026-10-09T19:07:04+00:00
way,919773544,Yorkdale Elementary School,amenity=school,34.1207416,-118.1946938,34.1216665,-118.193535,2026-10-09T19:07:04+00:00
way,919773574,Bushnell Way Elementary School,amenity=school,34.101644,-118.1902209,34.1033254,-118.1883819,2026-10-09T19:07:04+00:00
way,922266714,Monterey Hills Elementary School,amenity=school,34.1029291,-118.1660657,34.1045506,-118.1638038,2026-10-09T19:07:04+00:00
way,933153629,Hyatt Place Pasadena,tourism=hotel,34.1446672,-118.142218,34.1451765,-118.1416022,2026-10-09T19:07:04+00:00
way,947946322,Los Angeles College Prep Academy,amenity=school,34.1021544,-118.1835483,34.1036148,-118.1815925,2026-10-09T19:07:04+00:00
way,950220723,Iglesia Catedral de Milaros E.S.,amenity=school,34.1116338,-118.1903277,34.1120799,-118.1892078,2026-10-09T19:07:04+00:00
way,987557352,Mayfield Senior School,amenity=school,34.1298506,-118.16372,34.1315999,-118.1607087,2026-10-09T19:07:04+00:00
way,1034863191,Jungle Garden,leisure=garden,34.1256693,-118.112811,34.1267128,-118.111346,2026-10-09T19:07:04+00:00
way,1053225572,Catalina Community Garden,leisure=garden,34.1389807,-118.1286918,34.1391653,-118.1281217,2026-10-09T19:07:04+00:00
way,1064601503,Waldorf,amenity=school,34.1915339,-118.1457837,34.1936374,-118.1439254,2026-10-09T19:07:04+00:00
way,1074791009,Herb Garden,leisure=garden,34.1265444,-118.114912,34.1269359,-118.1144906,2026-10-09T19:07:04+00:00
way,1151182269,San Rafael Elementary School,amenity=school,34.1357344,-118.1740728,34.1371781,-118.172308,2026-10-09T19:07:04+00:00
way,1157712046,Saint Rita School,amenity=school,34.1674504,-118.0522413,34.1680105,-118.0511122,2026-10-09T19:07:04+00:00
way,1164773459,Plantain Court,leisure=park,34.1275309,-118.1164231,34.127668,-118.1162537,2026-10-09T19:07:04+00:00
way,1192252533,Garden of the Associates,leisure=garden,34.1372839,-118.1253241,34.1376944,-118.125016,2026-10-09T19:07:04+00:00
way,1223387931,Santa Anita Park,leisure=stadium,34.1318595,-118.0529323,34.146034,-118.0380337,2026-10-09T19:07:04+00:00
way,1224939073,Fox Stanton Track & Field Complex,leisure=stadium,34.1325972,-118.12752,34.1335707,-118.1253335,2026-10-09T19:07:04+00:00
way,1224939262,The Barn,leisure=fitness_centre,34.1334494,-118.1255543,34.1335454,-118.125353,2026-10-09T19:07:04+00:00
way,1250983505,Saints Felicitas and Perpetua School,amenity=school,34.1267442,-118.0931354,34.1282496,-118.0919203,2026-10-09T19:07:04+00:00
way,1359418695,Old Mill Garden and Arboretum,leisure=garden,34.1188784,-118.127827,34.1198088,-118.1272544,2026-10-09T19:07:04+00:00
way,1361783755,Station Square Park,leisure=park,34.1152397,-118.1576542,34.1155002,-118.1574227,2026-10-09T19:07:04+00:00
way,1362653573,South Pasadena Community Garden,leisure=garden,34.1178943,-118.1559721,34.1183549,-118.1557244,2026-10-09T19:07:04+00:00
way,1387607266,Annandale Canyon Park,leisure=park,34.1533995,-118.1837778,34.1584927,-118.1797003,2026-10-09T19:07:04+00:00
way,1409937851,Aveson Global Leadership Academy,amenity=school,34.1980976,-118.1589002,34.1989349,-118.1579173,2026-10-09T19:07:04+00:00
way,1448142783,Karesansui,leisure=garden,34.1251358,-118.1161487,34.1254315,-118.115894,2026-10-09T19:07:04+00:00
way,1448142784,Bonsai Court,leisure=garden,34.1250286,-118.1161327,34.1251374,-118.115893,2026-10-09T19:07:04+00:00
way,1448142785,Zillgitt Bonsai Court,leisure=garden,34.1250197,-118.116652,34.1252201,-118.1164167,2026-10-09T19:07:04+00:00
way,1459481754,Grevelia Pocket Park,leisure=park,34.1183495,-118.1548849,34.1188183,-118.1547212,2026-10-09T19:07:04+00:00
way,1460412341,Australian Garden,leisure=garden,34.1241277,-118.1151651,34.1255669,-118.1126548,2026-10-09T19:07:04+00:00
way,1460412342,Subtropical Garden,leisure=garden,34.1249811,-118.1153069,34.1261392,-118.1127279,2026-10-09T19:07:04+00:00
way,1460412343,Japanese Garden,leisure=garden,34.124285,-118.117132,34.1272349,-118.1148809,2026-10-09T19:07:04+00:00
way,1475417878,Children's Garden,leisure=garden,34.1289671,-118.1148981,34.1294819,-118.1141695,2026-10-09T19:07:04+00:00
way,1475417879,Rose Garden,leisure=garden,34.126009,-118.1148486,34.1266144,-118.113904,2026-10-09T19:07:04+00:00
way,1495987691,Shōya House Garden,leisure=garden,34.126546,-118.1166498,34.1266724,-118.1164854,2026-10-09T19:07:04+00:00
way,1495988710,Chinese Garden,leisure=garden,34.1273913,-118.1176749,34.1294003,-118.1152425,2026-10-09T19:07:04+00:00
way,1496844511,San Marino Community Center,leisure=park,34.1184421,-118.113494,34.1190764,-118.1128118,2026-10-09T19:07:04+00:00
way,1524114702,Pacific Oaks School,amenity=school,34.1349569,-118.1656937,34.1356553,-118.1651685,2026-10-09T19:07:04+00:00
way,1527667892,Storrier Stearns Japanese Garden,leisure=garden,34.1275368,-118.1561551,34.1281938,-118.1553067,2026-10-09T19:07:04+00:00
way,1564824586,Linda Vista Park,leisure=park,34.1686274,-118.1789765,34.1694915,-118.1774422,2026-10-09T19:07:04+00:00
relation,7938166,Centennial Place,tourism=hotel,34.147923,-118.1457548,34.1482905,-118.1452085,2026-10-09T19:07:04+00:00
relation,12164946,Loma Alta Park,leisure=park,34.1999484,-118.1591773,34.2042029,-118.155896,2026-10-09T19:07:04+00:00
relation,13105339,Arroyo Seco Golf Course,leisure=golf_course,34.1131436,-118.1718552,34.1171333,-118.1667656,2026-10-09T19:07:04+00:00
relation,14727242,Pasadena Hotel & Pool,tourism=hotel,34.1451281,-118.1317108,34.1457751,-118.1309634,2026-10-09T19:07:04+00:00
relation,16307627,Brookside Golf Club,leisure=golf_course,34.1594907,-118.1743261,34.1814278,-118.166301,2026-10-09T19:07:04+00:00
relation,18491859,Mediterranean Garden,leisure=garden,34.142351,-118.0540929,34.1439365,-118.0522331,2026-10-09T19:07:04+00:00
relation,19937019,Library Lawn,leisure=park,34.1270683,-118.1126139,34.1273526,-118.1115945,2026-10-09T19:07:04+00:00
relation,19943899,Celebration Garden,leisure=park,34.1273526,-118.1112458,34.1277512,-118.111011,2026-10-09T19:07:04+00:00
relation,20292460,Desert Garden,leisure=garden,34.1243894,-118.1117095,34.1276374,-118.1088896,2026-10-09T19:07:04+00:00
relation,20415218,William L. Valentine Elementary School,amenity=school,34.115915,-118.1173229,34.1182102,-118.1143592,2026-10-09T19:07:04+00:00
relation,20415219,Huntington Middle School,amenity=school,34.1159994,-118.1152918,34.1189156,-118.1119599,2026-10-09T19:07:04+00:00
relation,21089764,Sculpture garden,leisure=garden,34.1458434,-118.1608497,34.1475284,-118.1576984,2026-10-09T19:07:04+00:00
