place_id,name,category,top_category,sub_category,lat,lon,confidence,operating_status,website,phone,address,city,postcode,region,license,source_dataset,release
7dcde7a1-389c-4bc6-8000-6bc6553f1dec,Tennis Courts of Hermon Park,tennis_court,sports_and_recreation,sport_or_fitness_facility,34.105411529541016,-118.18636322021484,0.8227505087852478,,https://www.tennislosangeles.com/court_detail/la-herman-park,,,Los Angeles,,CA,CDLA-Permissive-2.0,meta,2026-09-23.1
02c09d6c-7194-402d-b600-b8dedff287d6,Live Oaks Tennis Association,tennis_court,sports_and_recreation,sport_or_fitness_facility,34.108726501464844,-118.14309692382812,0.9199122190475464,open,http://www.liveoakstennis.com,+13237179646,1500 Oak Meadow Ln,South Pasadena,91030,CA,CDLA-Permissive-2.0,meta,2026-09-23.1
658b9cd3-a8e7-4ab5-8c7a-673c086e9cf4,Tennis Courts At The Langham,tennis_court,sports_and_recreation,sport_or_fitness_facility,34.119449615478516,-118.13473510742188,0.5462695956230164,,,,,Pasadena,,CA,CDLA-Permissive-2.0,meta,2026-09-23.1
05f15c0e-09ee-4b81-b30d-f97a3eabb34f,iTennis/iPickle Arroyo Seco,tennis_court,sports_and_recreation,sport_or_fitness_facility,34.11655807495117,-118.168701171875,0.9722161889076233,open,http://www.ipickle.com/,+13232584178,920 Lohman Ln,South Pasadena,91030,CA,CDLA-Permissive-2.0,meta,2026-09-23.1
c14efee5-b92f-4a9a-855e-e4a90e72276c,San Marino Tennis Center,tennis_court,sports_and_recreation,sport_or_fitness_facility,34.12101364135742,-118.12417602539062,0.9828288584947587,open,http://www.sanmarinotennis.org/,+16264799103,1196 St Albans Rd,San Marino,91108,CA,CDLA-Permissive-2.0,meta,2026-09-23.1
169ac85a-88b1-47c6-9df5-1c844ae24535,Caltech Tennis Courts,tennis_court,sports_and_recreation,sport_or_fitness_facility,34.13542556762695,-118.12564086914062,0.22511345148086548,,https://www.ussportscamps.com/tennis/nike/nike-tennis-camp-at-california-institute-of-technology,+16263954055,1216 E California Blvd,Pasadena,91125,CA,CDLA-Permissive-2.0,meta,2026-09-23.1
f1df3b93-2241-4e06-ac3f-81b4483a3c6e,Hugo Reid Tennis Courts,tennis_court,sports_and_recreation,sport_or_fitness_facility,34.13865280151367,-118.06800079345703,0.7089183330535889,open,,,441 S Michillinda Ave,Pasadena,91107-5704,CA,CDLA-Permissive-2.0,meta,2026-09-23.1
2ad601a9-a779-4d91-8f0d-8ddd8b2f6fe0,Tennis Courts,tennis_court,sports_and_recreation,sport_or_fitness_facility,34.16083908081055,-118.19898223876953,0.6343594193458557,open,,+18185070650,3800 E Glenoaks Blvd,Glendale,91206,CA,CDLA-Permissive-2.0,meta,2026-09-23.1
7c3dd4b0-70a2-419e-9976-e938501ac69d,Glendale Tennis Academy,tennis_court,sports_and_recreation,sport_or_fitness_facility,34.161441802978516,-118.19884490966797,0.9902192950248718,open,http://www.glendale-tennis.com/,+13237194975,3800 E Glenoaks Blvd,Glendale,91206,CA,CDLA-Permissive-2.0,meta,2026-09-23.1
106f41f4-d0b2-4173-acf0-4bee6f65a96d,Rose Bowl Tennis Center,tennis_court,sports_and_recreation,sport_or_fitness_facility,34.152061462402344,-118.16487884521484,0.9989236325025559,,http://www.rosebowltennis.com/,+16263258366,360 N Arroyo Blvd,Pasadena,91103,CA,CDLA-Permissive-2.0,meta,2026-09-23.1
c2fffb2c-340c-4fcc-9d94-8cbb472a6a96,Flint Canyon Tennis Club,tennis_court,sports_and_recreation,sport_or_fitness_facility,34.188419342041016,-118.18231964111328,0.9902192950248718,open,http://www.flintcanyontennisclub.com,+18187903355,265 Berkshire Ave,La Canada Flintridge,91011,CA,CDLA-Permissive-2.0,meta,2026-09-23.1
bca2c3c9-8e33-4b9b-a550-0ab122e3005e,Pasadena Table Tennis Club,sport_league,sports_and_recreation,sport_league,34.147762298583984,-118.14863586425781,0.9199122190475464,open,,+16265846377,85 E Holly St,Pasadena,91103,CA,CDLA-Permissive-2.0,meta,2026-09-23.1
d3e634d9-5eda-41f7-ac22-783cbd01afee,ATCC Tennis Academy,gym,sports_and_recreation,sport_or_fitness_facility,34.185203552246094,-118.1218032836914,0.6638733744621277,,http://www.altaclub.com/,+16367949136,2290 Country Club Dr,Altadena,91001-3202,CA,CDLA-Permissive-2.0,meta,2026-09-23.1
2608598e-ec4f-43a8-9b10-ad69054712de,Pasadena High School Tennis Court,tennis_court,sports_and_recreation,sport_or_fitness_facility,34.1628532409668,-118.09537506103516,0.475518137216568,,,+16263965880,2925 E Sierra Madre Blvd,Pasadena,91107,CA,CDLA-Permissive-2.0,meta,2026-09-23.1
2154d09c-b50a-4540-8e1a-d03f6b395d87,Gerrish Swim and Tennis Club,sport_league,sports_and_recreation,sport_league,34.17403030395508,-118.09455108642578,0.9902192950248718,open,https://gerrishswimandtennis.org/,+16267989909,2713 New York Dr,Pasadena,91107,CA,CDLA-Permissive-2.0,meta,2026-09-23.1
f6c64796-3d51-46b4-993c-6313f75a56af,Orange Grove Tennis Court,tennis_court,sports_and_recreation,sport_or_fitness_facility,34.15673828125,-118.05255889892578,0.77,,https://parks.lacounty.gov/orange-grove-park,,S Baldwin Ave,Arcadia,91006,CA,Apache-2.0,Foursquare,2026-09-23.1
75fd646b-3a34-4874-b921-1f4ed76a3380,Pacific Beach Tennis Club,tennis_court,sports_and_recreation,sport_or_fitness_facility,32.80076217651367,-117.2197265625,0.9985751342773438,open,http://www.pbtennis.com/,+18582739177,2639 Grand Ave,San Diego,92109,CA,CDLA-Permissive-2.0,meta,2026-09-23.1
e461fb54-4357-4646-a3d4-50faf8e333ea,Solana Beach & Tennis Club,tennis_stadium,arts_and_entertainment,stadium_arena,32.98631286621094,-117.27275848388672,0.9902192950248718,open,https://www.luxurysocalrealty.com/solana-beach-and-tennis-club-condos,(858) 481-4971,429 S Sierra Ave,Solana Beach,92075,CA,Apache-2.0,Foursquare,2026-09-23.1
9f1aa50a-001b-46e1-9582-a213264a7f83,Redondo Beach Tennis,tennis_court,sports_and_recreation,sport_or_fitness_facility,33.83131408691406,-118.37907409667969,0.9207191362977027,,http://www.redondobeachtennis.com/,3103034035,715 Julia Ave,Redondo Beach,90277,CA,CDLA-Permissive-2.0,Microsoft,2026-09-23.1
e936048a-a954-4ca8-909f-3bfe4aea6e22,OLA Beach Tennis,tennis_court,sports_and_recreation,sport_or_fitness_facility,33.99958801269531,-118.48706817626953,0.9902192950248718,open,http://www.olabeachtennis.com/,,"2525, Ocean Front Walk",Santa Monica,90405,CA,CDLA-Permissive-2.0,meta,2026-09-23.1
edcaf3e0-86ac-4a4c-87e4-78aac2d166b0,Beach Tennis Santa Monica,tennis_court,sports_and_recreation,sport_or_fitness_facility,33.9998664855957,-118.48684692382812,0.3807067275047302,,http://beachtennislove.com/,+14086439691,2525 Ocean Front Walk,Santa Monica,90405,CA,CDLA-Permissive-2.0,meta,2026-09-23.1
53438b29-8bf8-4a48-aee8-c7ff1bd896e6,Huntington Beach Tennis,sports_and_recreation,sports_and_recreation,,33.77654266357422,-118.0630111694336,0.5208867788314819,,AAARemodelings.com,+16312209057,"Citizens Business Bank, 7755 Center Ave",Huntington Beach,92647-3001,CA,CDLA-Permissive-2.0,meta,2026-09-23.1
8dc39c77-835f-464b-8053-6362eaa9d81b,Seal Beach Tennis Center,tennis_court,sports_and_recreation,sport_or_fitness_facility,33.77534103393555,-118.06314086914062,0.9989654451608658,open,https://www.sealbeachtennisandpickleball.com,+15625988624,3900 Lampson Ave,Seal Beach,90740,CA,CDLA-Permissive-2.0,meta,2026-09-23.1
f690a2dc-ddcc-47f1-8cbd-84e8cb65deeb,Camino Real Tennis Center,tennis_court,sports_and_recreation,sport_or_fitness_facility,34.26939010620117,-119.23435974121094,0.6952089667320251,,https://www.cityofventura.ca.gov/1952/City-Parks,+18056427652,Fairfield Cir,Ventura,93003,CA,CDLA-Permissive-2.0,meta,2026-09-23.1
f2dc84bf-ff16-48eb-86e8-c90f66ad220f,Laguna Beach Tennis Academy,tennis_court,sports_and_recreation,sport_or_fitness_facility,33.52823257446289,-117.75376892089844,0.9199122190475464,open,http://www.lagunabeachtennisacademy.com,+19492410847,1098 Balboa Ave,Laguna Beach,92651-3840,CA,CDLA-Permissive-2.0,meta,2026-09-23.1
e0f36cdb-1fd7-4f28-a802-f2c76e56e380,Newport Beach Tennis Club,tennis_court,sports_and_recreation,sport_or_fitness_facility,33.64156723022461,-117.87492370605469,0.9902192950248718,open,http://www.nbtctennis.com/,+19496440050,2601 Eastbluff Dr,Newport Beach,92660,CA,CDLA-Permissive-2.0,meta,2026-09-23.1
80111ec1-6e38-4204-8587-7eec3878c9e0,Newport Beach Tennis Club,sport_league,sports_and_recreation,sport_league,33.65376663208008,-117.70819854736328,0.526694118976593,,,+19496440050,21 Morgan,Irvine,92618-2005,CA,CDLA-Permissive-2.0,meta,2026-09-23.1
c5786a81-01f2-4f42-8585-bc08b3764554,Pelota Park,park,sports_and_recreation,park,34.10934066772461,-117.77760314941406,0.9902192950248718,open,http://www.ci.la-verne.ca.us/index.php?option=com_content&task=view&id=168&Itemid=84,+19095968700,1505 Holly Oak St,La Verne,91750,CA,CDLA-Permissive-2.0,meta,2026-09-23.1
9542cc4d-3365-454e-ab87-3b95bf9537f6,South Shore Beach & Tennis,sport_league,sports_and_recreation,sport_league,37.76416015625,-122.2713851928711,0.8352047801017761,,http://www.prometheusreg.com/san-francisco-properties/south-shore,+15105212196,410 Westline Dr,Alameda,94501,CA,CDLA-Permissive-2.0,meta,2026-09-23.1
dcad03d7-f045-4569-a351-f81283890eb5,The Beach & Tennis Club,tennis_court,sports_and_recreation,sport_or_fitness_facility,36.566650390625,-121.94371032714844,0.9861225295066833,open,http://www.pebblebeach.com/activities/our-fitness-a-tennis-clubs/beach-and-tennis-club,+18316258500,1576 Cypress Dr,Pebble Beach,93953,CA,CDLA-Permissive-2.0,meta,2026-09-23.1
e96e4cdf-2ecd-4daf-a12a-0338a39bbffb,Wheeler Street Tennis Courts,tennis_court,sports_and_recreation,sport_or_fitness_facility,36.59760665893555,-121.8454360961914,0.8337669968605042,open,,+18318996700,,Seaside,93955,CA,CDLA-Permissive-2.0,meta,2026-09-23.1
f4a5031d-9628-4720-9317-2f50ae06e0a4,Marin Beach & Tennis Club,tennis_court,sports_and_recreation,sport_or_fitness_facility,37.97061538696289,-122.49905395507812,0.7267313003540039,,,+14154572844,24 Summit Ave,San Rafael,94901-2411,CA,CDLA-Permissive-2.0,meta,2026-09-23.1
35df28ae-8758-4e3c-8d19-f33a9d12368f,Gard Street Tennis & Pickleball Courts,tennis_court,sports_and_recreation,sport_or_fitness_facility,38.979408264160156,-122.83831024169922,0.2938930094242096,,https://lctennis.org/,+17072728881,4020 Gard St,Kelseyville,95451,CA,CDLA-Permissive-2.0,meta,2026-09-23.1
12ebc91a-2eab-441e-a1df-c56d312ed3a6,Ricochet Ridge Ranch,horseback_riding_service,sports_and_recreation,sport_or_fitness_facility,39.489471435546875,-123.7852554321289,0.9199122190475464,open,http://www.horse-vacation.com/,+17079647669,24201 N Highway 1,Fort Bragg,95437-8427,CA,CDLA-Permissive-2.0,meta,2026-09-23.1
7ebdf3d9-3614-46fc-8225-360133c3f4b3,Playbt Beach Tennis Academy,tennis_court,sports_and_recreation,sport_or_fitness_facility,33.88213348388672,-118.40764617919922,0.8537335395812988,,http://www.playbtworld.com/,+17604201381,7th Street and The Strand,Manhattan Beach,90266,CA,CDLA-Permissive-2.0,meta,2026-09-23.1
fd148bb1-3ed3-41a6-a683-a7f521a8f0fe,Beach Tennis Lessons HB,sport_league,sports_and_recreation,sport_league,33.864158630371094,-118.40220642089844,0.9722161889076233,open,,+14244588771,"15th St. &, The Strand",Hermosa Beach,90254,CA,CDLA-Permissive-2.0,meta,2026-09-23.1
86f2d1af-8613-4cdc-add7-63d813a5dfd4,Padel California,tennis_court,sports_and_recreation,sport_or_fitness_facility,33.193756103515625,-117.37724304199219,0.9199122190475464,open,http://www.padelcalifornia.us/,+17608258365,222 S Coast Hwy,Oceanside,92054,CA,CDLA-Permissive-2.0,meta,2026-09-23.1
48743e12-8c71-4e0e-8b71-e71193fff239,Padel Up - Century City,sport_league,sports_and_recreation,sport_league,34.0574836730957,-118.41834259033203,0.9902192950248718,open,http://padelup.club/,+12133410809,10250 Santa Monica Blvd,Los Angeles,90067,CA,CDLA-Permissive-2.0,meta,2026-09-23.1
869acf46-1964-433c-b947-ebdbc958806b,Pura Padel,sport_league,sports_and_recreation,sport_league,34.156890869140625,-118.4364013671875,0.3698843717575073,,http://www.purapadel.com/,+17868097175,14006 Riverside Dr,Los Angeles,91423,CA,CDLA-Permissive-2.0,meta,2026-09-23.1
35876038-4502-4ac1-a1b7-a24ae64ff9b6,Sunset Padel Sports Club,tennis_court,sports_and_recreation,sport_or_fitness_facility,34.09845733642578,-118.30132293701172,0.77,,http://www.sunsetpadel.com,(424) 477-2335,5115 W Sunset Blvd,Los Angeles,90027,CA,Apache-2.0,Foursquare,2026-09-23.1
14f465e5-4265-4fa2-8cc7-acee881da207,The Padel Courts,sport_league,sports_and_recreation,sport_league,34.098270416259766,-118.3010025024414,0.9902192950248718,open,https://thepadelcourts.com,+15107706138,5115 W Sunset Blvd,Los Angeles,90027-5715,CA,CDLA-Permissive-2.0,meta,2026-09-23.1
5bfd51f1-15b7-419a-b4a7-79e9867f73b9,Park Padel,sport_league,sports_and_recreation,sport_league,37.659446716308594,-122.3904800415039,0.9902192950248718,open,https://parkpadel.com/,+16506364104,550-4 Eccles Ave,South San Francisco,94080,CA,CDLA-Permissive-2.0,meta,2026-09-23.1
b28df9d4-8e8e-4447-8bf9-872f8aa913fb,Park Padel,sport_league,sports_and_recreation,sport_league,37.79527282714844,-122.3952407836914,0.9675925970077515,open,http://www.parkpadel.com/,+14154182569,The Embarcadero,San Francisco,94105,CA,CDLA-Permissive-2.0,meta,2026-09-23.1
0443ae54-aac5-476d-bb42-bda880f8bdbb,Bay Padel,sport_league,sports_and_recreation,sport_league,37.818603515625,-122.36736297607422,0.9722161889076233,open,http://www.baypadel.us/,+14157258871,30 Avenue G,San Francisco,94130-1012,CA,CDLA-Permissive-2.0,meta,2026-09-23.1
