place_id,sport,verdict
c5786a81-01f2-4f42-8585-bc08b3764554,Basque Pelota,reject
edcaf3e0-86ac-4a4c-87e4-78aac2d166b0,Beach Tennis,confirm
53438b29-8bf8-4a48-aee8-c7ff1bd896e6,Beach Tennis,reject
f2dc84bf-ff16-48eb-86e8-c90f66ad220f,Beach Tennis,reject
f4a5031d-9628-4720-9317-2f50ae06e0a4,Beach Tennis,reject
e0f36cdb-1fd7-4f28-a802-f2c76e56e380,Beach Tennis,reject
80111ec1-6e38-4204-8587-7eec3878c9e0,Beach Tennis,reject
e936048a-a954-4ca8-909f-3bfe4aea6e22,Beach Tennis,confirm
75fd646b-3a34-4874-b921-1f4ed76a3380,Beach Tennis,reject
9f1aa50a-001b-46e1-9582-a213264a7f83,Beach Tennis,reject
8dc39c77-835f-464b-8053-6362eaa9d81b,Beach Tennis,reject
e461fb54-4357-4646-a3d4-50faf8e333ea,Beach Tennis,reject
9542cc4d-3365-454e-ab87-3b95bf9537f6,Beach Tennis,reject
dcad03d7-f045-4569-a351-f81283890eb5,Beach Tennis,reject
f690a2dc-ddcc-47f1-8cbd-84e8cb65deeb,Real Tennis,reject
12ebc91a-2eab-441e-a1df-c56d312ed3a6,Ricochet,reject
35df28ae-8758-4e3c-8d19-f33a9d12368f,Street Tennis,reject
e96e4cdf-2ecd-4daf-a12a-0338a39bbffb,Street Tennis,reject
7ebdf3d9-3614-46fc-8225-360133c3f4b3,Beach Tennis,reject
