term,sport,reliability
1 wall paddle,1-wall Paddle,ambiguous
360ball,360Ball,ambiguous
4 wall paddle,4-wall Paddle,ambiguous
australian racquetball,Australian Racquetball,ambiguous
badminton,Badminton,distinctive
ball badminton,Ball Badminton,ambiguous
basque pelota,Basque Pelota,ambiguous
beach tennis,Beach Tennis,ambiguous
biraq,Biraq,ambiguous
crossminton,Crossminton,distinctive
downside ball game,Downside Ball Game,ambiguous
eclipseball,Eclipseball,ambiguous
floor pro mini tennis,Floor Pro Mini Tennis,ambiguous
frescoball,Frescoball,ambiguous
frescobol,Frescoball,distinctive
frescotennis,Frescotennis,ambiguous
frontenis,Frontenis,ambiguous
goodminton,Goodminton,ambiguous
hand tennis,Hand Tennis,ambiguous
indiaca tennis,Indiaca Tennis,ambiguous
jai alai,Jai alai,distinctive
jazzminton,Jazzminton,ambiguous
jokari,Jokari,distinctive
kadima,Kadima,ambiguous
ketball,Ketball,ambiguous
knuckle racket,Knuckle Racket,ambiguous
lite tennis,Lite Tennis,ambiguous
loboton,Loboton,ambiguous
matkot,Kadima,distinctive
micro pickleball,Micro Pickleball,ambiguous
miniten thug,Miniten Thug,ambiguous
naked tennis,Naked Tennis,ambiguous
outdoor racquetball,Outdoor Racquetball,ambiguous
paddleball,4-wall Paddle,distinctive
padel,Padel,distinctive
paleta front n,Paleta frontón,ambiguous
paleta fronton,Paleta frontón,ambiguous
pang pong,Pang Pong,ambiguous
pelota,Basque Pelota,ambiguous
pelota vasca,Paleta frontón,ambiguous
pickle ball,Pickleball,distinctive
pickleball,Pickleball,distinctive
ping pong,Table Tennis,distinctive
pitton,Pitton,ambiguous
platform tennis,Platform Tennis,distinctive
pop tennis,Pop Tennis,distinctive
pro sunball,Pro Sunball,ambiguous
qianball,Qianball,ambiguous
racket club,Tennis,distinctive
racket hockey,Racket Hockey,ambiguous
racquet club,Tennis,distinctive
racquetball,Racquetball,distinctive
raketa,Kadima,ambiguous
rapidball,Rapidball,ambiguous
real tennis,Real Tennis,ambiguous
ricochet,Ricochet,ambiguous
riftball,Riftball,ambiguous
road tennis,Road Tennis,ambiguous
sandball,Sandball,ambiguous
shuttleball,Shuttleball,ambiguous
skyball,Skyball,ambiguous
smashball,Kadima,ambiguous
smolball,Smolball,distinctive
soft tennis,Soft Tennis,distinctive
spec tennis,Spec Tennis,ambiguous
speedball,Speedball,ambiguous
speedminton,Crossminton,distinctive
squash,Squash,distinctive
street racket,Street Racket,ambiguous
street tennis,Street Tennis,ambiguous
string paddleball,String Paddleball,ambiguous
table squash,Table Squash,ambiguous
table tennis,Table Tennis,distinctive
taiji bailong,Taiji Bailong,ambiguous
tamburello,Tamburello,distinctive
tenis criollo,Tenis criollo,ambiguous
tennis,Tennis,distinctive
tennis baseball,Tennis Baseball,ambiguous
tennis triples,Tennis Triples,ambiguous
teqis,Teqis,ambiguous
teqpong,Teqpong,ambiguous
toccer,Toccer,ambiguous
totem tennis,Totem Tennis,ambiguous
touchtennis,Touchtennis,distinctive
typti,Typti,ambiguous
wacquetball,Wacquetball,ambiguous
wall pong,Wall Pong,ambiguous
xare,Xare,ambiguous
